url,damage:flood/water,damage:rubble,damage:misc,local_path
https://ladi.s3-us-west-2.amazonaws.com/Images/FEMA_CAP/1013/20150/DSC_0012_058051a0-26a8-436a-a23d-8b3e7cb60c3d.jpg,1.0,0.0,0.0,ladi.s3-us-west-2.amazonaws.com/Images/FEMA_CAP/1013/20150/DSC_0012_058051a0-26a8-436a-a23d-8b3e7cb60c3d.jpg
https://ladi.s3-us-west-2.amazonaws.com/Images/FEMA_CAP/1013/20195/DSC_0344_20e50e66-01c5-4e58-9c8d-727a48a4f317.jpg,1.0,0.0,0.0,ladi.s3-us-west-2.amazonaws.com/Images/FEMA_CAP/1013/20195/DSC_0344_20e50e66-01c5-4e58-9c8d-727a48a4f317.jpg
https://ladi.s3-us-west-2.amazonaws.com/Images/FEMA_CAP/2024/221180/010_2374_27cab62f-305c-43ef-a416-1a2b3f66f28f.jpg,1.0,0.0,0.0,ladi.s3-us-west-2.amazonaws.com/Images/FEMA_CAP/2024/221180/010_2374_27cab62f-305c-43ef-a416-1a2b3f66f28f.jpg
https://ladi.s3-us-west-2.amazonaws.com/Images/FEMA_CAP/2024/221180/010_2469_ce8b6a16-7e73-4e05-addc-eaf99c60fa6d.jpg,1.0,0.0,0.0,ladi.s3-us-west-2.amazonaws.com/Images/FEMA_CAP/2024/221180/010_2469_ce8b6a16-7e73-4e05-addc-eaf99c60fa6d.jpg
https://ladi.s3-us-west-2.amazonaws.com/Images/FEMA_CAP/2032/200914/_DSC8000_909b7b0d-55fb-41e7-8804-044e59e9cee8.jpg,0.0,0.0,0.0,ladi.s3-us-west-2.amazonaws.com/Images/FEMA_CAP/2032/200914/_DSC8000_909b7b0d-55fb-41e7-8804-044e59e9cee8.jpg
https://ladi.s3-us-west-2.amazonaws.com/Images/FEMA_CAP/3041/241283/DSC_9361_2982a6d8-2f70-4af9-8a2e-60c2358a0ba3.jpg,0.0,0.0,0.0,ladi.s3-us-west-2.amazonaws.com/Images/FEMA_CAP/3041/241283/DSC_9361_2982a6d8-2f70-4af9-8a2e-60c2358a0ba3.jpg
https://ladi.s3-us-west-2.amazonaws.com/Images/FEMA_CAP/3042/291491/StJohnRv_c3ec0309-e371-4230-a7ac-33031c1b59e7.jpg,1.0,0.0,0.0,ladi.s3-us-west-2.amazonaws.com/Images/FEMA_CAP/3042/291491/StJohnRv_c3ec0309-e371-4230-a7ac-33031c1b59e7.jpg
https://ladi.s3-us-west-2.amazonaws.com/Images/FEMA_CAP/3042/291497/DSC_0382_1d82e733-512e-447c-b5af-177028e4dcca.jpg,0.0,0.0,0.0,ladi.s3-us-west-2.amazonaws.com/Images/FEMA_CAP/3042/291497/DSC_0382_1d82e733-512e-447c-b5af-177028e4dcca.jpg
https://ladi.s3-us-west-2.amazonaws.com/Images/FEMA_CAP/3042/291497/DSC_0540_7e315ca6-a223-46c1-980a-5604674fc674.jpg,0.0,0.0,0.0,ladi.s3-us-west-2.amazonaws.com/Images/FEMA_CAP/3042/291497/DSC_0540_7e315ca6-a223-46c1-980a-5604674fc674.jpg
https://ladi.s3-us-west-2.amazonaws.com/Images/FEMA_CAP/3042/291530/DSC_0780_33c97a7d-14ab-4805-babf-8e0e5b993587.jpg,0.0,0.0,0.0,ladi.s3-us-west-2.amazonaws.com/Images/FEMA_CAP/3042/291530/DSC_0780_33c97a7d-14ab-4805-babf-8e0e5b993587.jpg
https://ladi.s3-us-west-2.amazonaws.com/Images/FEMA_CAP/3042/291548/DSC_0154_97c08ee3-7b6f-4d55-be4f-1dd8adf42f5e.jpg,0.0,0.0,0.0,ladi.s3-us-west-2.amazonaws.com/Images/FEMA_CAP/3042/291548/DSC_0154_97c08ee3-7b6f-4d55-be4f-1dd8adf42f5e.jpg
https://ladi.s3-us-west-2.amazonaws.com/Images/FEMA_CAP/3043/291579/DSC_5114_be897ee9-59d2-486a-9fe9-6506cb403a1f.jpg,1.0,0.0,0.0,ladi.s3-us-west-2.amazonaws.com/Images/FEMA_CAP/3043/291579/DSC_5114_be897ee9-59d2-486a-9fe9-6506cb403a1f.jpg
https://ladi.s3-us-west-2.amazonaws.com/Images/FEMA_CAP/3043/291579/DSC_5255_1e41f559-018b-4a39-8b16-ed663cc2cdb0.jpg,0.0,1.0,0.0,ladi.s3-us-west-2.amazonaws.com/Images/FEMA_CAP/3043/291579/DSC_5255_1e41f559-018b-4a39-8b16-ed663cc2cdb0.jpg
https://ladi.s3-us-west-2.amazonaws.com/Images/FEMA_CAP/3043/291595/DSC_5653_dca72fb1-67df-435b-9c7f-6d014b06b2a1.jpg,1.0,0.0,0.0,ladi.s3-us-west-2.amazonaws.com/Images/FEMA_CAP/3043/291595/DSC_5653_dca72fb1-67df-435b-9c7f-6d014b06b2a1.jpg
https://ladi.s3-us-west-2.amazonaws.com/Images/FEMA_CAP/3043/291595/DSC_5751_af9a7eab-6241-4fe6-8fdd-84a616043eed.jpg,1.0,0.0,0.0,ladi.s3-us-west-2.amazonaws.com/Images/FEMA_CAP/3043/291595/DSC_5751_af9a7eab-6241-4fe6-8fdd-84a616043eed.jpg
https://ladi.s3-us-west-2.amazonaws.com/Images/FEMA_CAP/3043/291605/DSC_0267_6db2a9a9-b6c7-4402-911e-d3fbb4636d12.jpg,0.0,0.0,0.0,ladi.s3-us-west-2.amazonaws.com/Images/FEMA_CAP/3043/291605/DSC_0267_6db2a9a9-b6c7-4402-911e-d3fbb4636d12.jpg
https://ladi.s3-us-west-2.amazonaws.com/Images/FEMA_CAP/3043/291612/DSC_7125_1524ba81-38df-4a75-89a6-5e50e2314975.jpg,1.0,0.0,0.0,ladi.s3-us-west-2.amazonaws.com/Images/FEMA_CAP/3043/291612/DSC_7125_1524ba81-38df-4a75-89a6-5e50e2314975.jpg
https://ladi.s3-us-west-2.amazonaws.com/Images/FEMA_CAP/3043/291642/DSC_2215_285e603f-ed55-413e-89ea-3548fe4e2e73.jpg,0.0,0.0,0.0,ladi.s3-us-west-2.amazonaws.com/Images/FEMA_CAP/3043/291642/DSC_2215_285e603f-ed55-413e-89ea-3548fe4e2e73.jpg
https://ladi.s3-us-west-2.amazonaws.com/Images/FEMA_CAP/3043/291645/DSC_0495_fb86b1fb-16b2-4d97-b0ae-04ed11f083f0.jpg,0.0,0.0,0.0,ladi.s3-us-west-2.amazonaws.com/Images/FEMA_CAP/3043/291645/DSC_0495_fb86b1fb-16b2-4d97-b0ae-04ed11f083f0.jpg
https://ladi.s3-us-west-2.amazonaws.com/Images/FEMA_CAP/3043/291664/DSC_4136_b05c17a1-0637-4ef6-9f86-a75169b34a26.jpg,1.0,0.0,0.0,ladi.s3-us-west-2.amazonaws.com/Images/FEMA_CAP/3043/291664/DSC_4136_b05c17a1-0637-4ef6-9f86-a75169b34a26.jpg
https://ladi.s3-us-west-2.amazonaws.com/Images/FEMA_CAP/3043/291665/CAP_3747_964e89c5-2428-4e79-b135-3d3c08d69b02.jpg,1.0,0.0,0.0,ladi.s3-us-west-2.amazonaws.com/Images/FEMA_CAP/3043/291665/CAP_3747_964e89c5-2428-4e79-b135-3d3c08d69b02.jpg
https://ladi.s3-us-west-2.amazonaws.com/Images/FEMA_CAP/3043/291669/DSC_0127_68e6008a-956e-417c-95f7-f756bed64c49.jpg,0.0,1.0,0.0,ladi.s3-us-west-2.amazonaws.com/Images/FEMA_CAP/3043/291669/DSC_0127_68e6008a-956e-417c-95f7-f756bed64c49.jpg
https://ladi.s3-us-west-2.amazonaws.com/Images/FEMA_CAP/3043/291669/DSC_0293_e8f22b21-8c76-48a0-b9fa-e9383e7717bc.jpg,1.0,0.0,0.0,ladi.s3-us-west-2.amazonaws.com/Images/FEMA_CAP/3043/291669/DSC_0293_e8f22b21-8c76-48a0-b9fa-e9383e7717bc.jpg
https://ladi.s3-us-west-2.amazonaws.com/Images/FEMA_CAP/3043/291670/DSC_0048_a036b1bf-2b64-4e97-9544-42bf46ab9542.jpg,1.0,0.0,0.0,ladi.s3-us-west-2.amazonaws.com/Images/FEMA_CAP/3043/291670/DSC_0048_a036b1bf-2b64-4e97-9544-42bf46ab9542.jpg
https://ladi.s3-us-west-2.amazonaws.com/Images/FEMA_CAP/3043/291670/DSC_0057_fbbb9a5b-e4c7-4b74-9a88-58c937d68852.jpg,0.0,0.0,1.0,ladi.s3-us-west-2.amazonaws.com/Images/FEMA_CAP/3043/291670/DSC_0057_fbbb9a5b-e4c7-4b74-9a88-58c937d68852.jpg
https://ladi.s3-us-west-2.amazonaws.com/Images/FEMA_CAP/3043/291670/DSC_0137_76331532-03c0-436f-933e-878fb201e64b.jpg,1.0,0.0,0.0,ladi.s3-us-west-2.amazonaws.com/Images/FEMA_CAP/3043/291670/DSC_0137_76331532-03c0-436f-933e-878fb201e64b.jpg
https://ladi.s3-us-west-2.amazonaws.com/Images/FEMA_CAP/3045/291506/DSC_0282_20bdd53b-e616-4227-995a-79c83c21b4ea.jpg,0.0,0.0,0.0,ladi.s3-us-west-2.amazonaws.com/Images/FEMA_CAP/3045/291506/DSC_0282_20bdd53b-e616-4227-995a-79c83c21b4ea.jpg
https://ladi.s3-us-west-2.amazonaws.com/Images/FEMA_CAP/3045/291518/DSC_0847_b739c955-6644-47a6-b6d9-d64406e2cea9.jpg,0.0,0.0,0.0,ladi.s3-us-west-2.amazonaws.com/Images/FEMA_CAP/3045/291518/DSC_0847_b739c955-6644-47a6-b6d9-d64406e2cea9.jpg
https://ladi.s3-us-west-2.amazonaws.com/Images/FEMA_CAP/3045/291543/DSC_3140_19b0bb42-b4da-4dcd-8f03-901e90b5e0ef.jpg,0.0,0.0,0.0,ladi.s3-us-west-2.amazonaws.com/Images/FEMA_CAP/3045/291543/DSC_3140_19b0bb42-b4da-4dcd-8f03-901e90b5e0ef.jpg
https://ladi.s3-us-west-2.amazonaws.com/Images/FEMA_CAP/3045/291543/DSC_3454_b5116ec2-243d-4054-a016-f41666b385be.jpg,0.0,0.0,0.0,ladi.s3-us-west-2.amazonaws.com/Images/FEMA_CAP/3045/291543/DSC_3454_b5116ec2-243d-4054-a016-f41666b385be.jpg
https://ladi.s3-us-west-2.amazonaws.com/Images/FEMA_CAP/3045/291551/DSC_4236_532c629f-bb2e-440f-b691-464533d665db.jpg,0.0,0.0,0.0,ladi.s3-us-west-2.amazonaws.com/Images/FEMA_CAP/3045/291551/DSC_4236_532c629f-bb2e-440f-b691-464533d665db.jpg
https://ladi.s3-us-west-2.amazonaws.com/Images/FEMA_CAP/3045/291576/DSC_0208_d32ef29a-9adb-4e13-b6fa-ceede6bc6470.jpg,0.0,0.0,0.0,ladi.s3-us-west-2.amazonaws.com/Images/FEMA_CAP/3045/291576/DSC_0208_d32ef29a-9adb-4e13-b6fa-ceede6bc6470.jpg
https://ladi.s3-us-west-2.amazonaws.com/Images/FEMA_CAP/3045/291576/DSC_0636_c87ce51f-e760-401e-bb79-923f815448f4.jpg,0.0,0.0,0.0,ladi.s3-us-west-2.amazonaws.com/Images/FEMA_CAP/3045/291576/DSC_0636_c87ce51f-e760-401e-bb79-923f815448f4.jpg
https://ladi.s3-us-west-2.amazonaws.com/Images/FEMA_CAP/3047/291573/DSC_0246_5769acd5-9ce5-4f39-9808-f560d54c96c0.jpg,0.0,0.0,0.0,ladi.s3-us-west-2.amazonaws.com/Images/FEMA_CAP/3047/291573/DSC_0246_5769acd5-9ce5-4f39-9808-f560d54c96c0.jpg
https://ladi.s3-us-west-2.amazonaws.com/Images/FEMA_CAP/3047/291584/DSC_0364_49233411-5f9c-42e3-9348-df990d5f8a17.jpg,1.0,0.0,0.0,ladi.s3-us-west-2.amazonaws.com/Images/FEMA_CAP/3047/291584/DSC_0364_49233411-5f9c-42e3-9348-df990d5f8a17.jpg
https://ladi.s3-us-west-2.amazonaws.com/Images/FEMA_CAP/5/361790/DSC_0008_9ffcc6f4-e247-4272-b9f5-b3710ec6109e.jpg,0.0,0.0,0.0,ladi.s3-us-west-2.amazonaws.com/Images/FEMA_CAP/5/361790/DSC_0008_9ffcc6f4-e247-4272-b9f5-b3710ec6109e.jpg
https://ladi.s3-us-west-2.amazonaws.com/Images/FEMA_CAP/5/443381/SUNAMI(2_a5741f1f-a08e-4a8c-9a53-2b080c9616b9.jpg,0.0,0.0,0.0,ladi.s3-us-west-2.amazonaws.com/Images/FEMA_CAP/5/443381/SUNAMI(2_a5741f1f-a08e-4a8c-9a53-2b080c9616b9.jpg
https://ladi.s3-us-west-2.amazonaws.com/Images/FEMA_CAP/5/473477/DSC_5313_4a6bf1ce-fd99-4fe5-88c2-14a71df658fe.jpg,0.0,0.0,0.0,ladi.s3-us-west-2.amazonaws.com/Images/FEMA_CAP/5/473477/DSC_5313_4a6bf1ce-fd99-4fe5-88c2-14a71df658fe.jpg
https://ladi.s3-us-west-2.amazonaws.com/Images/FEMA_CAP/5/583511/DSC_0048_02a7ccd9-68d8-4205-a4d3-8f82840a45ce.jpg,0.0,0.0,0.0,ladi.s3-us-west-2.amazonaws.com/Images/FEMA_CAP/5/583511/DSC_0048_02a7ccd9-68d8-4205-a4d3-8f82840a45ce.jpg
https://ladi.s3-us-west-2.amazonaws.com/Images/FEMA_CAP/5/583511/DSC_0129_f90b76bf-ddda-4cf7-85a0-efd7c326c0ba.jpg,0.0,0.0,0.0,ladi.s3-us-west-2.amazonaws.com/Images/FEMA_CAP/5/583511/DSC_0129_f90b76bf-ddda-4cf7-85a0-efd7c326c0ba.jpg
https://ladi.s3-us-west-2.amazonaws.com/Images/FEMA_CAP/5/614389/DSC_0002_710e097e-55db-4ae2-aeac-f7102a9aa790.jpg,0.0,0.0,0.0,ladi.s3-us-west-2.amazonaws.com/Images/FEMA_CAP/5/614389/DSC_0002_710e097e-55db-4ae2-aeac-f7102a9aa790.jpg
https://ladi.s3-us-west-2.amazonaws.com/Images/FEMA_CAP/5/614984/DSC_0004_63ea7a2b-0c1a-4929-aae9-48cb77493be8.jpg,0.0,0.0,0.0,ladi.s3-us-west-2.amazonaws.com/Images/FEMA_CAP/5/614984/DSC_0004_63ea7a2b-0c1a-4929-aae9-48cb77493be8.jpg
https://ladi.s3-us-west-2.amazonaws.com/Images/FEMA_CAP/5/615474/Dec17201_fab67786-cd87-4ca5-8aac-e064377d43c2.jpg,1.0,0.0,0.0,ladi.s3-us-west-2.amazonaws.com/Images/FEMA_CAP/5/615474/Dec17201_fab67786-cd87-4ca5-8aac-e064377d43c2.jpg
https://ladi.s3-us-west-2.amazonaws.com/Images/FEMA_CAP/5/616200/DSC_0887_a7d48a01-cffe-4f40-9847-8569c18fdae8.jpg,0.0,0.0,0.0,ladi.s3-us-west-2.amazonaws.com/Images/FEMA_CAP/5/616200/DSC_0887_a7d48a01-cffe-4f40-9847-8569c18fdae8.jpg
https://ladi.s3-us-west-2.amazonaws.com/Images/FEMA_CAP/6064/423324/041_117a21f3-a107-4ab4-ae47-a51c155397a1.jpg,1.0,0.0,0.0,ladi.s3-us-west-2.amazonaws.com/Images/FEMA_CAP/6064/423324/041_117a21f3-a107-4ab4-ae47-a51c155397a1.jpg
https://ladi.s3-us-west-2.amazonaws.com/Images/FEMA_CAP/7067/533485/DJI_0412_a096554f-4f41-4a6e-92b5-e2882f13fa36.jpg,0.0,0.0,0.0,ladi.s3-us-west-2.amazonaws.com/Images/FEMA_CAP/7067/533485/DJI_0412_a096554f-4f41-4a6e-92b5-e2882f13fa36.jpg
https://ladi.s3-us-west-2.amazonaws.com/Images/FEMA_CAP/7068/615404/DSC_7853_645c74a9-a1f9-490b-91ef-cb152f92d8b2.jpg,0.0,0.0,0.0,ladi.s3-us-west-2.amazonaws.com/Images/FEMA_CAP/7068/615404/DSC_7853_645c74a9-a1f9-490b-91ef-cb152f92d8b2.jpg
https://ladi.s3-us-west-2.amazonaws.com/Images/FEMA_CAP/9073/613531/DSC_0453_7f282688-d51b-48c0-a4cc-3265a4c7401a.jpg,0.0,0.0,0.0,ladi.s3-us-west-2.amazonaws.com/Images/FEMA_CAP/9073/613531/DSC_0453_7f282688-d51b-48c0-a4cc-3265a4c7401a.jpg
https://ladi.s3-us-west-2.amazonaws.com/Images/FEMA_CAP/9073/613531/DSC_1295_09068e4d-cbf1-477e-b837-d9d655f82046.jpg,0.0,0.0,0.0,ladi.s3-us-west-2.amazonaws.com/Images/FEMA_CAP/9073/613531/DSC_1295_09068e4d-cbf1-477e-b837-d9d655f82046.jpg
https://ladi.s3-us-west-2.amazonaws.com/Images/FEMA_CAP/9073/613534/R0001812_ef1b35bd-fdad-4f92-8056-42d16b1a8de0.jpg,1.0,0.0,0.0,ladi.s3-us-west-2.amazonaws.com/Images/FEMA_CAP/9073/613534/R0001812_ef1b35bd-fdad-4f92-8056-42d16b1a8de0.jpg
https://ladi.s3-us-west-2.amazonaws.com/Images/FEMA_CAP/9073/613538/DSC_0885_3c8572e2-7e8a-4049-bb11-9d80d21b93c2.jpg,1.0,0.0,0.0,ladi.s3-us-west-2.amazonaws.com/Images/FEMA_CAP/9073/613538/DSC_0885_3c8572e2-7e8a-4049-bb11-9d80d21b93c2.jpg
https://ladi.s3-us-west-2.amazonaws.com/Images/FEMA_CAP/9073/613538/DSC_1043_e5ca2c63-105d-4c92-a1ad-7e8326b8d703.jpg,1.0,0.0,0.0,ladi.s3-us-west-2.amazonaws.com/Images/FEMA_CAP/9073/613538/DSC_1043_e5ca2c63-105d-4c92-a1ad-7e8326b8d703.jpg
https://ladi.s3-us-west-2.amazonaws.com/Images/FEMA_CAP/9073/613538/DSC_1428_a693148b-ea81-4605-829b-6fc370465fb3.jpg,0.0,0.0,0.0,ladi.s3-us-west-2.amazonaws.com/Images/FEMA_CAP/9073/613538/DSC_1428_a693148b-ea81-4605-829b-6fc370465fb3.jpg
https://ladi.s3-us-west-2.amazonaws.com/Images/FEMA_CAP/9073/613542/DSC_0554_47c23f20-222a-4c8b-ac94-4224c0886ccc.jpg,1.0,0.0,0.0,ladi.s3-us-west-2.amazonaws.com/Images/FEMA_CAP/9073/613542/DSC_0554_47c23f20-222a-4c8b-ac94-4224c0886ccc.jpg
https://ladi.s3-us-west-2.amazonaws.com/Images/FEMA_CAP/9073/613543/DSC_0140_615c05a5-e11d-445c-a7bd-e95a9a2d8ce3.jpg,1.0,0.0,0.0,ladi.s3-us-west-2.amazonaws.com/Images/FEMA_CAP/9073/613543/DSC_0140_615c05a5-e11d-445c-a7bd-e95a9a2d8ce3.jpg
https://ladi.s3-us-west-2.amazonaws.com/Images/FEMA_CAP/9073/613543/DSC_0460_344bd5f5-1e48-4811-851a-52480f0302f3.jpg,1.0,0.0,0.0,ladi.s3-us-west-2.amazonaws.com/Images/FEMA_CAP/9073/613543/DSC_0460_344bd5f5-1e48-4811-851a-52480f0302f3.jpg
https://ladi.s3-us-west-2.amazonaws.com/Images/FEMA_CAP/9073/613546/DSC_0398_1bb3657c-f021-4c0f-81c9-8841a60f15d3.jpg,1.0,0.0,0.0,ladi.s3-us-west-2.amazonaws.com/Images/FEMA_CAP/9073/613546/DSC_0398_1bb3657c-f021-4c0f-81c9-8841a60f15d3.jpg
https://ladi.s3-us-west-2.amazonaws.com/Images/FEMA_CAP/9073/613546/DSC_0721_cd6b2ab1-6291-4bf3-b1db-6e6cc7e1f025.jpg,1.0,0.0,0.0,ladi.s3-us-west-2.amazonaws.com/Images/FEMA_CAP/9073/613546/DSC_0721_cd6b2ab1-6291-4bf3-b1db-6e6cc7e1f025.jpg
https://ladi.s3-us-west-2.amazonaws.com/Images/FEMA_CAP/9073/613546/DSC_0976_cff3a9bc-bdb7-47cc-8c19-fedf79aca3d3.jpg,1.0,0.0,0.0,ladi.s3-us-west-2.amazonaws.com/Images/FEMA_CAP/9073/613546/DSC_0976_cff3a9bc-bdb7-47cc-8c19-fedf79aca3d3.jpg
https://ladi.s3-us-west-2.amazonaws.com/Images/FEMA_CAP/9073/613547/DSC_0027_831f1237-9ac9-4a7c-81dc-02dd24934fd2.jpg,1.0,0.0,0.0,ladi.s3-us-west-2.amazonaws.com/Images/FEMA_CAP/9073/613547/DSC_0027_831f1237-9ac9-4a7c-81dc-02dd24934fd2.jpg
https://ladi.s3-us-west-2.amazonaws.com/Images/FEMA_CAP/9073/613547/DSC_1534_a6244d9e-2a21-43fb-9451-e96d703ae163.jpg,0.0,0.0,0.0,ladi.s3-us-west-2.amazonaws.com/Images/FEMA_CAP/9073/613547/DSC_1534_a6244d9e-2a21-43fb-9451-e96d703ae163.jpg
https://ladi.s3-us-west-2.amazonaws.com/Images/FEMA_CAP/9073/613547/DSC_3688_7ebe7e44-1cc4-40e2-8974-6f892b31747c.jpg,1.0,0.0,0.0,ladi.s3-us-west-2.amazonaws.com/Images/FEMA_CAP/9073/613547/DSC_3688_7ebe7e44-1cc4-40e2-8974-6f892b31747c.jpg
https://ladi.s3-us-west-2.amazonaws.com/Images/FEMA_CAP/9073/613547/DSC_3759_f00710ac-2b3a-4a4f-afdc-d562f0eb776d.jpg,0.0,0.0,0.0,ladi.s3-us-west-2.amazonaws.com/Images/FEMA_CAP/9073/613547/DSC_3759_f00710ac-2b3a-4a4f-afdc-d562f0eb776d.jpg
https://ladi.s3-us-west-2.amazonaws.com/Images/FEMA_CAP/9073/613548/DSC_1171_4388f594-1f64-40a8-9ac8-b0709b892b29.jpg,0.0,0.0,0.0,ladi.s3-us-west-2.amazonaws.com/Images/FEMA_CAP/9073/613548/DSC_1171_4388f594-1f64-40a8-9ac8-b0709b892b29.jpg
https://ladi.s3-us-west-2.amazonaws.com/Images/FEMA_CAP/9073/613548/DSC_2864_c027d32a-34f7-42ef-8726-70f9c57ad8c4.jpg,1.0,0.0,0.0,ladi.s3-us-west-2.amazonaws.com/Images/FEMA_CAP/9073/613548/DSC_2864_c027d32a-34f7-42ef-8726-70f9c57ad8c4.jpg
https://ladi.s3-us-west-2.amazonaws.com/Images/FEMA_CAP/9073/613549/DSC_0437_4ec4c8c7-525f-40a5-a8f3-e53d4b94d0a8.jpg,0.0,0.0,0.0,ladi.s3-us-west-2.amazonaws.com/Images/FEMA_CAP/9073/613549/DSC_0437_4ec4c8c7-525f-40a5-a8f3-e53d4b94d0a8.jpg
https://ladi.s3-us-west-2.amazonaws.com/Images/FEMA_CAP/9073/613550/DSC_0437_f85efdd5-33e7-4447-b706-728bda00a0ec.jpg,0.0,0.0,0.0,ladi.s3-us-west-2.amazonaws.com/Images/FEMA_CAP/9073/613550/DSC_0437_f85efdd5-33e7-4447-b706-728bda00a0ec.jpg
https://ladi.s3-us-west-2.amazonaws.com/Images/FEMA_CAP/9073/613551/DSC_0972_cee110f9-dd6f-47bf-8e6e-19019daac1e3.jpg,1.0,0.0,0.0,ladi.s3-us-west-2.amazonaws.com/Images/FEMA_CAP/9073/613551/DSC_0972_cee110f9-dd6f-47bf-8e6e-19019daac1e3.jpg
https://ladi.s3-us-west-2.amazonaws.com/Images/FEMA_CAP/9073/613551/DSC_1379_2515d999-9f7a-460b-8d21-a5797471f4f3.jpg,1.0,0.0,0.0,ladi.s3-us-west-2.amazonaws.com/Images/FEMA_CAP/9073/613551/DSC_1379_2515d999-9f7a-460b-8d21-a5797471f4f3.jpg
https://ladi.s3-us-west-2.amazonaws.com/Images/FEMA_CAP/9073/613551/DSC_1609_c7872f25-4765-407f-bac2-40b2a3327521.jpg,0.0,0.0,0.0,ladi.s3-us-west-2.amazonaws.com/Images/FEMA_CAP/9073/613551/DSC_1609_c7872f25-4765-407f-bac2-40b2a3327521.jpg
https://ladi.s3-us-west-2.amazonaws.com/Images/FEMA_CAP/9073/613555/DSC_0756_6c264510-5724-4dda-b630-b1cf2174a0aa.jpg,1.0,0.0,0.0,ladi.s3-us-west-2.amazonaws.com/Images/FEMA_CAP/9073/613555/DSC_0756_6c264510-5724-4dda-b630-b1cf2174a0aa.jpg
https://ladi.s3-us-west-2.amazonaws.com/Images/FEMA_CAP/9073/613555/DSC_1064_e22037e6-6694-49a8-973b-30291265db1c.jpg,1.0,0.0,0.0,ladi.s3-us-west-2.amazonaws.com/Images/FEMA_CAP/9073/613555/DSC_1064_e22037e6-6694-49a8-973b-30291265db1c.jpg
https://ladi.s3-us-west-2.amazonaws.com/Images/FEMA_CAP/9073/613556/DSC_0304_9c76a9b3-ffed-4173-ada3-45edf1399e70.jpg,1.0,0.0,0.0,ladi.s3-us-west-2.amazonaws.com/Images/FEMA_CAP/9073/613556/DSC_0304_9c76a9b3-ffed-4173-ada3-45edf1399e70.jpg
https://ladi.s3-us-west-2.amazonaws.com/Images/FEMA_CAP/9073/613556/DSC_0584_a3b4b259-b456-4d12-8067-8a92bc40a7f8.jpg,1.0,0.0,0.0,ladi.s3-us-west-2.amazonaws.com/Images/FEMA_CAP/9073/613556/DSC_0584_a3b4b259-b456-4d12-8067-8a92bc40a7f8.jpg
https://ladi.s3-us-west-2.amazonaws.com/Images/FEMA_CAP/9073/613556/DSC_0890_a39193b2-5ad2-4468-b471-6810678703ae.jpg,1.0,0.0,0.0,ladi.s3-us-west-2.amazonaws.com/Images/FEMA_CAP/9073/613556/DSC_0890_a39193b2-5ad2-4468-b471-6810678703ae.jpg
https://ladi.s3-us-west-2.amazonaws.com/Images/FEMA_CAP/9073/613556/DSC_1037_5359ccff-e0aa-4727-8e3f-ed1677c52c04.jpg,1.0,0.0,0.0,ladi.s3-us-west-2.amazonaws.com/Images/FEMA_CAP/9073/613556/DSC_1037_5359ccff-e0aa-4727-8e3f-ed1677c52c04.jpg
https://ladi.s3-us-west-2.amazonaws.com/Images/FEMA_CAP/9073/613556/DSC_1439_18172966-5fd3-44dc-8d2d-1b66fc93ece5.jpg,1.0,0.0,0.0,ladi.s3-us-west-2.amazonaws.com/Images/FEMA_CAP/9073/613556/DSC_1439_18172966-5fd3-44dc-8d2d-1b66fc93ece5.jpg
https://ladi.s3-us-west-2.amazonaws.com/Images/FEMA_CAP/9073/613560/DSC_0133_06cc7cbc-5a90-406e-a8ea-878f9107dff6.jpg,1.0,0.0,0.0,ladi.s3-us-west-2.amazonaws.com/Images/FEMA_CAP/9073/613560/DSC_0133_06cc7cbc-5a90-406e-a8ea-878f9107dff6.jpg
https://ladi.s3-us-west-2.amazonaws.com/Images/FEMA_CAP/9073/613574/A67_0035_302e78db-f50f-43cd-a90f-a6b418492d7e.jpg,0.0,1.0,0.0,ladi.s3-us-west-2.amazonaws.com/Images/FEMA_CAP/9073/613574/A67_0035_302e78db-f50f-43cd-a90f-a6b418492d7e.jpg
https://ladi.s3-us-west-2.amazonaws.com/Images/FEMA_CAP/9073/613574/A67_0363_443ded28-1ccd-45c0-a898-47c45225c7db.jpg,1.0,0.0,0.0,ladi.s3-us-west-2.amazonaws.com/Images/FEMA_CAP/9073/613574/A67_0363_443ded28-1ccd-45c0-a898-47c45225c7db.jpg
https://ladi.s3-us-west-2.amazonaws.com/Images/FEMA_CAP/9073/613574/A67_1086_4661a5e4-d255-4baf-98e4-53abea682f56.jpg,0.0,0.0,1.0,ladi.s3-us-west-2.amazonaws.com/Images/FEMA_CAP/9073/613574/A67_1086_4661a5e4-d255-4baf-98e4-53abea682f56.jpg
https://ladi.s3-us-west-2.amazonaws.com/Images/FEMA_CAP/9073/613574/A67_1330_d443ebe9-9165-4913-963c-c7d4ff060596.jpg,0.0,1.0,1.0,ladi.s3-us-west-2.amazonaws.com/Images/FEMA_CAP/9073/613574/A67_1330_d443ebe9-9165-4913-963c-c7d4ff060596.jpg
https://ladi.s3-us-west-2.amazonaws.com/Images/FEMA_CAP/9073/613577/DSC_0133_2436a94d-e870-4b2f-8c14-269b19194f3d.jpg,1.0,0.0,0.0,ladi.s3-us-west-2.amazonaws.com/Images/FEMA_CAP/9073/613577/DSC_0133_2436a94d-e870-4b2f-8c14-269b19194f3d.jpg
https://ladi.s3-us-west-2.amazonaws.com/Images/FEMA_CAP/9073/613577/DSC_0297_b04ec06d-6127-4c9a-8a40-92d9fc9cbfb1.jpg,1.0,0.0,0.0,ladi.s3-us-west-2.amazonaws.com/Images/FEMA_CAP/9073/613577/DSC_0297_b04ec06d-6127-4c9a-8a40-92d9fc9cbfb1.jpg
https://ladi.s3-us-west-2.amazonaws.com/Images/FEMA_CAP/9073/613577/DSC_1122_7670cb84-b2b2-444f-8481-90f8fea6e38c.jpg,0.0,0.0,0.0,ladi.s3-us-west-2.amazonaws.com/Images/FEMA_CAP/9073/613577/DSC_1122_7670cb84-b2b2-444f-8481-90f8fea6e38c.jpg
https://ladi.s3-us-west-2.amazonaws.com/Images/FEMA_CAP/9073/613586/DSC_0800_78c2a943-0715-4d2a-956e-b80ec1b2eae9.jpg,1.0,0.0,0.0,ladi.s3-us-west-2.amazonaws.com/Images/FEMA_CAP/9073/613586/DSC_0800_78c2a943-0715-4d2a-956e-b80ec1b2eae9.jpg
https://ladi.s3-us-west-2.amazonaws.com/Images/FEMA_CAP/9073/613645/DSC_0123_3b285d24-a365-423f-a6de-f1b4265da6f4.jpg,1.0,0.0,0.0,ladi.s3-us-west-2.amazonaws.com/Images/FEMA_CAP/9073/613645/DSC_0123_3b285d24-a365-423f-a6de-f1b4265da6f4.jpg
https://ladi.s3-us-west-2.amazonaws.com/Images/FEMA_CAP/9073/613645/DSC_0393_4fcd5d3a-aeea-4df5-a47f-550ab4065bc2.jpg,1.0,0.0,0.0,ladi.s3-us-west-2.amazonaws.com/Images/FEMA_CAP/9073/613645/DSC_0393_4fcd5d3a-aeea-4df5-a47f-550ab4065bc2.jpg
https://ladi.s3-us-west-2.amazonaws.com/Images/FEMA_CAP/9073/613645/DSC_0660_87c9c2d7-eb4b-465b-9aee-42256432e596.jpg,1.0,0.0,0.0,ladi.s3-us-west-2.amazonaws.com/Images/FEMA_CAP/9073/613645/DSC_0660_87c9c2d7-eb4b-465b-9aee-42256432e596.jpg
https://ladi.s3-us-west-2.amazonaws.com/Images/FEMA_CAP/9073/613805/2b952369-d845-478e-a323-363cc6bb6539.jpg,0.0,0.0,0.0,ladi.s3-us-west-2.amazonaws.com/Images/FEMA_CAP/9073/613805/2b952369-d845-478e-a323-363cc6bb6539.jpg
https://ladi.s3-us-west-2.amazonaws.com/Images/FEMA_CAP/9073/613809/DSC_8046_1ed3c29f-dae0-4c69-8420-07aca9b165c5.jpg,0.0,0.0,1.0,ladi.s3-us-west-2.amazonaws.com/Images/FEMA_CAP/9073/613809/DSC_8046_1ed3c29f-dae0-4c69-8420-07aca9b165c5.jpg
https://ladi.s3-us-west-2.amazonaws.com/Images/FEMA_CAP/9073/613809/DSC_8634_8c3b5aad-3ee3-4a30-aef3-7553b7739a1d.jpg,0.0,0.0,0.0,ladi.s3-us-west-2.amazonaws.com/Images/FEMA_CAP/9073/613809/DSC_8634_8c3b5aad-3ee3-4a30-aef3-7553b7739a1d.jpg
https://ladi.s3-us-west-2.amazonaws.com/Images/FEMA_CAP/9073/613819/_CAP2895_c8289bac-3fc2-4258-b716-5c79c0ca45d2.jpg,0.0,1.0,0.0,ladi.s3-us-west-2.amazonaws.com/Images/FEMA_CAP/9073/613819/_CAP2895_c8289bac-3fc2-4258-b716-5c79c0ca45d2.jpg
https://ladi.s3-us-west-2.amazonaws.com/Images/FEMA_CAP/9073/613822/_CAP1066_814d2b34-db3e-4a7b-99f1-cee80447b174.jpg,0.0,0.0,0.0,ladi.s3-us-west-2.amazonaws.com/Images/FEMA_CAP/9073/613822/_CAP1066_814d2b34-db3e-4a7b-99f1-cee80447b174.jpg
https://ladi.s3-us-west-2.amazonaws.com/Images/FEMA_CAP/9073/613823/DSC_0307_c8b9c3d4-aeb6-428e-b649-ba4050368320.jpg,1.0,0.0,0.0,ladi.s3-us-west-2.amazonaws.com/Images/FEMA_CAP/9073/613823/DSC_0307_c8b9c3d4-aeb6-428e-b649-ba4050368320.jpg
https://ladi.s3-us-west-2.amazonaws.com/Images/FEMA_CAP/9073/613823/DSC_0513_a50eda7e-ed78-450a-bd5a-9ebfeed6b4df.jpg,0.0,0.0,0.0,ladi.s3-us-west-2.amazonaws.com/Images/FEMA_CAP/9073/613823/DSC_0513_a50eda7e-ed78-450a-bd5a-9ebfeed6b4df.jpg
https://ladi.s3-us-west-2.amazonaws.com/Images/FEMA_CAP/9073/613823/DSC_8722_b6cc8cb8-9922-4573-9f98-896c396730fa.jpg,0.0,0.0,0.0,ladi.s3-us-west-2.amazonaws.com/Images/FEMA_CAP/9073/613823/DSC_8722_b6cc8cb8-9922-4573-9f98-896c396730fa.jpg
https://ladi.s3-us-west-2.amazonaws.com/Images/FEMA_CAP/9073/613823/DSC_9141_2a3049b0-abe8-41e0-b57c-d1d7b5133aff.jpg,0.0,0.0,0.0,ladi.s3-us-west-2.amazonaws.com/Images/FEMA_CAP/9073/613823/DSC_9141_2a3049b0-abe8-41e0-b57c-d1d7b5133aff.jpg
https://ladi.s3-us-west-2.amazonaws.com/Images/FEMA_CAP/9073/613824/DSC_0661_1c3d9325-e70e-4830-a4df-badd60ad72b3.jpg,0.0,0.0,0.0,ladi.s3-us-west-2.amazonaws.com/Images/FEMA_CAP/9073/613824/DSC_0661_1c3d9325-e70e-4830-a4df-badd60ad72b3.jpg
https://ladi.s3-us-west-2.amazonaws.com/Images/FEMA_CAP/9073/613827/DSC_8797_3d5da8fd-922d-4a5c-9050-9c2830299bf6.jpg,1.0,0.0,0.0,ladi.s3-us-west-2.amazonaws.com/Images/FEMA_CAP/9073/613827/DSC_8797_3d5da8fd-922d-4a5c-9050-9c2830299bf6.jpg
https://ladi.s3-us-west-2.amazonaws.com/Images/FEMA_CAP/9073/613827/DSC_9027_52f68a22-5c40-49cd-a075-469fb49ddf08.jpg,1.0,0.0,0.0,ladi.s3-us-west-2.amazonaws.com/Images/FEMA_CAP/9073/613827/DSC_9027_52f68a22-5c40-49cd-a075-469fb49ddf08.jpg
https://ladi.s3-us-west-2.amazonaws.com/Images/FEMA_CAP/9073/613827/DSC_9036_812f32a5-d726-45ba-89bc-87b1b1d2c0b5.jpg,1.0,0.0,0.0,ladi.s3-us-west-2.amazonaws.com/Images/FEMA_CAP/9073/613827/DSC_9036_812f32a5-d726-45ba-89bc-87b1b1d2c0b5.jpg
https://ladi.s3-us-west-2.amazonaws.com/Images/FEMA_CAP/9073/613828/020_2748_07087063-21eb-45ce-8280-fbc1d22b007a.jpg,0.0,0.0,0.0,ladi.s3-us-west-2.amazonaws.com/Images/FEMA_CAP/9073/613828/020_2748_07087063-21eb-45ce-8280-fbc1d22b007a.jpg
https://ladi.s3-us-west-2.amazonaws.com/Images/FEMA_CAP/9073/613828/020_3093_bd36300d-c224-4968-acb9-16dde4e8d9ff.jpg,0.0,0.0,0.0,ladi.s3-us-west-2.amazonaws.com/Images/FEMA_CAP/9073/613828/020_3093_bd36300d-c224-4968-acb9-16dde4e8d9ff.jpg
https://ladi.s3-us-west-2.amazonaws.com/Images/FEMA_CAP/9073/613828/020_4256_1c8c3cce-b300-4965-a2c0-458e11d6a562.jpg,1.0,0.0,0.0,ladi.s3-us-west-2.amazonaws.com/Images/FEMA_CAP/9073/613828/020_4256_1c8c3cce-b300-4965-a2c0-458e11d6a562.jpg
https://ladi.s3-us-west-2.amazonaws.com/Images/FEMA_CAP/9073/613828/020_4782_98139d82-0a86-4b61-914d-30f048dee100.jpg,1.0,0.0,0.0,ladi.s3-us-west-2.amazonaws.com/Images/FEMA_CAP/9073/613828/020_4782_98139d82-0a86-4b61-914d-30f048dee100.jpg
https://ladi.s3-us-west-2.amazonaws.com/Images/FEMA_CAP/9073/613829/DSC_0061_6ddff8d0-d5d4-4d62-b72c-85799ecddbac.jpg,0.0,0.0,1.0,ladi.s3-us-west-2.amazonaws.com/Images/FEMA_CAP/9073/613829/DSC_0061_6ddff8d0-d5d4-4d62-b72c-85799ecddbac.jpg
https://ladi.s3-us-west-2.amazonaws.com/Images/FEMA_CAP/9073/613829/DSC_0488_6cf45bc5-3143-41c0-b230-72d030cdc563.jpg,1.0,0.0,0.0,ladi.s3-us-west-2.amazonaws.com/Images/FEMA_CAP/9073/613829/DSC_0488_6cf45bc5-3143-41c0-b230-72d030cdc563.jpg
https://ladi.s3-us-west-2.amazonaws.com/Images/FEMA_CAP/9073/613829/DSC_0640_0c87699d-7702-40fc-9921-ab90bf48aa08.jpg,0.0,0.0,0.0,ladi.s3-us-west-2.amazonaws.com/Images/FEMA_CAP/9073/613829/DSC_0640_0c87699d-7702-40fc-9921-ab90bf48aa08.jpg
https://ladi.s3-us-west-2.amazonaws.com/Images/FEMA_CAP/9073/613829/DSC_0692_8cca2924-d3df-4945-9420-79ebbdf1eb49.jpg,0.0,1.0,0.0,ladi.s3-us-west-2.amazonaws.com/Images/FEMA_CAP/9073/613829/DSC_0692_8cca2924-d3df-4945-9420-79ebbdf1eb49.jpg
https://ladi.s3-us-west-2.amazonaws.com/Images/FEMA_CAP/9073/613829/DSC_0779_75eaab1d-7b72-44bf-8891-15425fee59d0.jpg,0.0,1.0,0.0,ladi.s3-us-west-2.amazonaws.com/Images/FEMA_CAP/9073/613829/DSC_0779_75eaab1d-7b72-44bf-8891-15425fee59d0.jpg
https://ladi.s3-us-west-2.amazonaws.com/Images/FEMA_CAP/9073/613829/DSC_8382_3762e181-fdce-4ac5-8143-89ecba520922.jpg,0.0,0.0,1.0,ladi.s3-us-west-2.amazonaws.com/Images/FEMA_CAP/9073/613829/DSC_8382_3762e181-fdce-4ac5-8143-89ecba520922.jpg
https://ladi.s3-us-west-2.amazonaws.com/Images/FEMA_CAP/9073/613829/DSC_8956_285bdf3d-3b31-4ad4-a482-dc6a01acc939.jpg,0.0,0.0,0.0,ladi.s3-us-west-2.amazonaws.com/Images/FEMA_CAP/9073/613829/DSC_8956_285bdf3d-3b31-4ad4-a482-dc6a01acc939.jpg
https://ladi.s3-us-west-2.amazonaws.com/Images/FEMA_CAP/9073/613829/DSC_9615_7f89d347-97a6-4c26-a43e-c14edc110223.jpg,0.0,0.0,0.0,ladi.s3-us-west-2.amazonaws.com/Images/FEMA_CAP/9073/613829/DSC_9615_7f89d347-97a6-4c26-a43e-c14edc110223.jpg
https://ladi.s3-us-west-2.amazonaws.com/Images/FEMA_CAP/9073/613829/DSC_9934_74c304c6-fae5-462f-b345-71571a26d6eb.jpg,0.0,1.0,0.0,ladi.s3-us-west-2.amazonaws.com/Images/FEMA_CAP/9073/613829/DSC_9934_74c304c6-fae5-462f-b345-71571a26d6eb.jpg
https://ladi.s3-us-west-2.amazonaws.com/Images/FEMA_CAP/9073/613884/DSC_8676_123ebcb2-8c56-4641-86f6-e6d4a358b5ab.jpg,1.0,0.0,0.0,ladi.s3-us-west-2.amazonaws.com/Images/FEMA_CAP/9073/613884/DSC_8676_123ebcb2-8c56-4641-86f6-e6d4a358b5ab.jpg
https://ladi.s3-us-west-2.amazonaws.com/Images/FEMA_CAP/9073/613886/DSC_1261_5df88e9e-b0cc-412c-91cb-4d54d9c89b86.jpg,0.0,0.0,0.0,ladi.s3-us-west-2.amazonaws.com/Images/FEMA_CAP/9073/613886/DSC_1261_5df88e9e-b0cc-412c-91cb-4d54d9c89b86.jpg
https://ladi.s3-us-west-2.amazonaws.com/Images/FEMA_CAP/9073/613887/DSC_2759_19a91b2e-0eb9-4e80-ae32-98510a759e11.jpg,0.0,0.0,0.0,ladi.s3-us-west-2.amazonaws.com/Images/FEMA_CAP/9073/613887/DSC_2759_19a91b2e-0eb9-4e80-ae32-98510a759e11.jpg
https://ladi.s3-us-west-2.amazonaws.com/Images/FEMA_CAP/9073/613887/DSC_2941_6bf4d6e1-9a43-4854-81f3-267cb19b43af.jpg,0.0,0.0,0.0,ladi.s3-us-west-2.amazonaws.com/Images/FEMA_CAP/9073/613887/DSC_2941_6bf4d6e1-9a43-4854-81f3-267cb19b43af.jpg
https://ladi.s3-us-west-2.amazonaws.com/Images/FEMA_CAP/9073/613887/DSC_3399_93fc47b1-c397-4cdd-a7ce-9c0ceb4641c9.jpg,0.0,0.0,0.0,ladi.s3-us-west-2.amazonaws.com/Images/FEMA_CAP/9073/613887/DSC_3399_93fc47b1-c397-4cdd-a7ce-9c0ceb4641c9.jpg
https://ladi.s3-us-west-2.amazonaws.com/Images/FEMA_CAP/9073/613890/DSC_4168_9f8e368c-3cd2-4766-b6af-a8c3a2e137a9.jpg,0.0,1.0,0.0,ladi.s3-us-west-2.amazonaws.com/Images/FEMA_CAP/9073/613890/DSC_4168_9f8e368c-3cd2-4766-b6af-a8c3a2e137a9.jpg
https://ladi.s3-us-west-2.amazonaws.com/Images/FEMA_CAP/9073/613890/DSC_4510_9bbd7e26-35b4-4b7b-8f5d-253dacd38690.jpg,0.0,0.0,1.0,ladi.s3-us-west-2.amazonaws.com/Images/FEMA_CAP/9073/613890/DSC_4510_9bbd7e26-35b4-4b7b-8f5d-253dacd38690.jpg
https://ladi.s3-us-west-2.amazonaws.com/Images/FEMA_CAP/9073/613891/DSC_4331_f0ac1498-ff10-4858-b11d-fcb82bf66ddc.jpg,0.0,0.0,0.0,ladi.s3-us-west-2.amazonaws.com/Images/FEMA_CAP/9073/613891/DSC_4331_f0ac1498-ff10-4858-b11d-fcb82bf66ddc.jpg
https://ladi.s3-us-west-2.amazonaws.com/Images/FEMA_CAP/9073/613894/DSC_5899_11eef382-f0cc-4a33-ab8a-4971c288a133.jpg,1.0,0.0,0.0,ladi.s3-us-west-2.amazonaws.com/Images/FEMA_CAP/9073/613894/DSC_5899_11eef382-f0cc-4a33-ab8a-4971c288a133.jpg
https://ladi.s3-us-west-2.amazonaws.com/Images/FEMA_CAP/9073/613895/DSC_4477_b5a44ae3-4f3a-48f1-ac2f-599fd9abe485.jpg,0.0,0.0,0.0,ladi.s3-us-west-2.amazonaws.com/Images/FEMA_CAP/9073/613895/DSC_4477_b5a44ae3-4f3a-48f1-ac2f-599fd9abe485.jpg
https://ladi.s3-us-west-2.amazonaws.com/Images/FEMA_CAP/9073/613895/DSC_4838_baeae96d-a3fb-41a2-880d-6b85a466b687.jpg,0.0,1.0,0.0,ladi.s3-us-west-2.amazonaws.com/Images/FEMA_CAP/9073/613895/DSC_4838_baeae96d-a3fb-41a2-880d-6b85a466b687.jpg
https://ladi.s3-us-west-2.amazonaws.com/Images/FEMA_CAP/9073/613895/DSC_5490_908ea6ac-6b0d-4524-96a5-5aa5c3e82642.jpg,0.0,0.0,0.0,ladi.s3-us-west-2.amazonaws.com/Images/FEMA_CAP/9073/613895/DSC_5490_908ea6ac-6b0d-4524-96a5-5aa5c3e82642.jpg
https://ladi.s3-us-west-2.amazonaws.com/Images/FEMA_CAP/9073/613897/DSC_4897_ab52dbcf-1f3e-40b1-b207-8e8af72d994a.jpg,0.0,0.0,0.0,ladi.s3-us-west-2.amazonaws.com/Images/FEMA_CAP/9073/613897/DSC_4897_ab52dbcf-1f3e-40b1-b207-8e8af72d994a.jpg
https://ladi.s3-us-west-2.amazonaws.com/Images/FEMA_CAP/9073/613899/DSC_3476_d922283f-22a3-408e-abea-fa1665b169f4.jpg,0.0,0.0,0.0,ladi.s3-us-west-2.amazonaws.com/Images/FEMA_CAP/9073/613899/DSC_3476_d922283f-22a3-408e-abea-fa1665b169f4.jpg
https://ladi.s3-us-west-2.amazonaws.com/Images/FEMA_CAP/9073/613899/DSC_5304_ea9a0432-f1e3-48f8-bbef-3aace664e685.jpg,1.0,0.0,0.0,ladi.s3-us-west-2.amazonaws.com/Images/FEMA_CAP/9073/613899/DSC_5304_ea9a0432-f1e3-48f8-bbef-3aace664e685.jpg
https://ladi.s3-us-west-2.amazonaws.com/Images/FEMA_CAP/9073/613899/DSC_5547_6c888c29-d6a9-46f1-882c-73916a97854d.jpg,1.0,0.0,0.0,ladi.s3-us-west-2.amazonaws.com/Images/FEMA_CAP/9073/613899/DSC_5547_6c888c29-d6a9-46f1-882c-73916a97854d.jpg
https://ladi.s3-us-west-2.amazonaws.com/Images/FEMA_CAP/9073/613901/DSC_8778_c94e858f-3aed-4ebc-b362-727351a1e722.jpg,0.0,0.0,0.0,ladi.s3-us-west-2.amazonaws.com/Images/FEMA_CAP/9073/613901/DSC_8778_c94e858f-3aed-4ebc-b362-727351a1e722.jpg
https://ladi.s3-us-west-2.amazonaws.com/Images/FEMA_CAP/9073/613903/DSC_0864_ce21f3ec-fa97-4452-aef7-651f060fd372.jpg,1.0,0.0,0.0,ladi.s3-us-west-2.amazonaws.com/Images/FEMA_CAP/9073/613903/DSC_0864_ce21f3ec-fa97-4452-aef7-651f060fd372.jpg
https://ladi.s3-us-west-2.amazonaws.com/Images/FEMA_CAP/9073/613904/CAP_1437_a0e0f0a1-d575-48b6-a05d-cc7495ee8d00.jpg,0.0,0.0,0.0,ladi.s3-us-west-2.amazonaws.com/Images/FEMA_CAP/9073/613904/CAP_1437_a0e0f0a1-d575-48b6-a05d-cc7495ee8d00.jpg
https://ladi.s3-us-west-2.amazonaws.com/Images/FEMA_CAP/9073/613926/DSC_2494.JPG,0.0,1.0,0.0,ladi.s3-us-west-2.amazonaws.com/Images/FEMA_CAP/9073/613926/DSC_2494.JPG
https://ladi.s3-us-west-2.amazonaws.com/Images/FEMA_CAP/9073/613926/DSC_3118.JPG,0.0,1.0,0.0,ladi.s3-us-west-2.amazonaws.com/Images/FEMA_CAP/9073/613926/DSC_3118.JPG
https://ladi.s3-us-west-2.amazonaws.com/Images/FEMA_CAP/9073/613926/DSC_3294.JPG,0.0,0.0,1.0,ladi.s3-us-west-2.amazonaws.com/Images/FEMA_CAP/9073/613926/DSC_3294.JPG
https://ladi.s3-us-west-2.amazonaws.com/Images/FEMA_CAP/9073/613926/DSC_3787.JPG,0.0,0.0,1.0,ladi.s3-us-west-2.amazonaws.com/Images/FEMA_CAP/9073/613926/DSC_3787.JPG
https://ladi.s3-us-west-2.amazonaws.com/Images/FEMA_CAP/9073/613927/DSC_0591_631fbab5-d09d-4f4e-a9fe-a67f691be6a5.jpg,0.0,1.0,0.0,ladi.s3-us-west-2.amazonaws.com/Images/FEMA_CAP/9073/613927/DSC_0591_631fbab5-d09d-4f4e-a9fe-a67f691be6a5.jpg
https://ladi.s3-us-west-2.amazonaws.com/Images/FEMA_CAP/9073/613927/DSC_0732_22a949ac-15c4-4d80-9274-4b2a7371591f.jpg,0.0,0.0,1.0,ladi.s3-us-west-2.amazonaws.com/Images/FEMA_CAP/9073/613927/DSC_0732_22a949ac-15c4-4d80-9274-4b2a7371591f.jpg
https://ladi.s3-us-west-2.amazonaws.com/Images/FEMA_CAP/9073/613927/DSC_0934_b5391fba-7159-484d-bcf7-aca8f3fd175f.jpg,0.0,0.0,0.0,ladi.s3-us-west-2.amazonaws.com/Images/FEMA_CAP/9073/613927/DSC_0934_b5391fba-7159-484d-bcf7-aca8f3fd175f.jpg
https://ladi.s3-us-west-2.amazonaws.com/Images/FEMA_CAP/9073/613928/DSC_0771_2a8246a6-5a1f-45c1-9120-da1496d05c34.jpg,0.0,1.0,0.0,ladi.s3-us-west-2.amazonaws.com/Images/FEMA_CAP/9073/613928/DSC_0771_2a8246a6-5a1f-45c1-9120-da1496d05c34.jpg
https://ladi.s3-us-west-2.amazonaws.com/Images/FEMA_CAP/9073/613928/DSC_0821_eaddb452-e549-424d-bc88-7b680f2ac18d.jpg,0.0,0.0,1.0,ladi.s3-us-west-2.amazonaws.com/Images/FEMA_CAP/9073/613928/DSC_0821_eaddb452-e549-424d-bc88-7b680f2ac18d.jpg
https://ladi.s3-us-west-2.amazonaws.com/Images/FEMA_CAP/9073/613928/DSC_2006_e072f049-17fc-44d7-9e4d-6b609ca45871.jpg,1.0,0.0,0.0,ladi.s3-us-west-2.amazonaws.com/Images/FEMA_CAP/9073/613928/DSC_2006_e072f049-17fc-44d7-9e4d-6b609ca45871.jpg
https://ladi.s3-us-west-2.amazonaws.com/Images/FEMA_CAP/9073/613931/010_0195_319741f6-63a0-45f1-88cb-8e6096020554.jpg,1.0,0.0,0.0,ladi.s3-us-west-2.amazonaws.com/Images/FEMA_CAP/9073/613931/010_0195_319741f6-63a0-45f1-88cb-8e6096020554.jpg
https://ladi.s3-us-west-2.amazonaws.com/Images/FEMA_CAP/9073/613934/010_9906_6bd07172-ffda-41e4-aa1c-7f2f8c3bbe9b.jpg,1.0,0.0,0.0,ladi.s3-us-west-2.amazonaws.com/Images/FEMA_CAP/9073/613934/010_9906_6bd07172-ffda-41e4-aa1c-7f2f8c3bbe9b.jpg
https://ladi.s3-us-west-2.amazonaws.com/Images/FEMA_CAP/9073/613937/DSC_0266_dd4047dd-5612-4c17-8334-5b93b821aa9e.jpg,0.0,0.0,0.0,ladi.s3-us-west-2.amazonaws.com/Images/FEMA_CAP/9073/613937/DSC_0266_dd4047dd-5612-4c17-8334-5b93b821aa9e.jpg
https://ladi.s3-us-west-2.amazonaws.com/Images/FEMA_CAP/9073/613937/DSC_1612_804c7102-ca09-4f90-80b0-405a846700b7.jpg,0.0,0.0,0.0,ladi.s3-us-west-2.amazonaws.com/Images/FEMA_CAP/9073/613937/DSC_1612_804c7102-ca09-4f90-80b0-405a846700b7.jpg
https://ladi.s3-us-west-2.amazonaws.com/Images/FEMA_CAP/9073/613938/DSC_0157_a99badc1-f447-410a-904e-63e75805cef0.jpg,0.0,0.0,1.0,ladi.s3-us-west-2.amazonaws.com/Images/FEMA_CAP/9073/613938/DSC_0157_a99badc1-f447-410a-904e-63e75805cef0.jpg
https://ladi.s3-us-west-2.amazonaws.com/Images/FEMA_CAP/9073/613938/DSC_0719_b498f5f4-43fc-4139-ad36-6ad893f5f8fb.jpg,0.0,0.0,0.0,ladi.s3-us-west-2.amazonaws.com/Images/FEMA_CAP/9073/613938/DSC_0719_b498f5f4-43fc-4139-ad36-6ad893f5f8fb.jpg
https://ladi.s3-us-west-2.amazonaws.com/Images/FEMA_CAP/9073/613939/DSC_0091_e79fe26d-adff-4d07-8155-9cd2c3edb40a.jpg,1.0,0.0,0.0,ladi.s3-us-west-2.amazonaws.com/Images/FEMA_CAP/9073/613939/DSC_0091_e79fe26d-adff-4d07-8155-9cd2c3edb40a.jpg
https://ladi.s3-us-west-2.amazonaws.com/Images/FEMA_CAP/9073/613939/DSC_0519_c52eee20-697b-498a-96a4-04ba4337df33.jpg,1.0,0.0,0.0,ladi.s3-us-west-2.amazonaws.com/Images/FEMA_CAP/9073/613939/DSC_0519_c52eee20-697b-498a-96a4-04ba4337df33.jpg
https://ladi.s3-us-west-2.amazonaws.com/Images/FEMA_CAP/9073/613939/DSC_0526_3e5bc9d6-a0f5-4c70-97cb-8364856d6164.jpg,1.0,0.0,0.0,ladi.s3-us-west-2.amazonaws.com/Images/FEMA_CAP/9073/613939/DSC_0526_3e5bc9d6-a0f5-4c70-97cb-8364856d6164.jpg
https://ladi.s3-us-west-2.amazonaws.com/Images/FEMA_CAP/9073/613939/DSC_0527_d7ee0afa-ecaf-4e5c-be1e-049b8a51e20c.jpg,1.0,0.0,0.0,ladi.s3-us-west-2.amazonaws.com/Images/FEMA_CAP/9073/613939/DSC_0527_d7ee0afa-ecaf-4e5c-be1e-049b8a51e20c.jpg
https://ladi.s3-us-west-2.amazonaws.com/Images/FEMA_CAP/9073/613940/DSC_1960_1082feeb-6432-4376-9472-b5c2a38819ff.jpg,1.0,0.0,0.0,ladi.s3-us-west-2.amazonaws.com/Images/FEMA_CAP/9073/613940/DSC_1960_1082feeb-6432-4376-9472-b5c2a38819ff.jpg
https://ladi.s3-us-west-2.amazonaws.com/Images/FEMA_CAP/9073/613940/DSC_2056_50b7de98-59dc-43d0-9887-b632d56251f6.jpg,1.0,0.0,0.0,ladi.s3-us-west-2.amazonaws.com/Images/FEMA_CAP/9073/613940/DSC_2056_50b7de98-59dc-43d0-9887-b632d56251f6.jpg
https://ladi.s3-us-west-2.amazonaws.com/Images/FEMA_CAP/9073/613940/DSC_2227_889ea2d1-f0e3-4ea5-ab9b-969220524b0b.jpg,1.0,0.0,0.0,ladi.s3-us-west-2.amazonaws.com/Images/FEMA_CAP/9073/613940/DSC_2227_889ea2d1-f0e3-4ea5-ab9b-969220524b0b.jpg
https://ladi.s3-us-west-2.amazonaws.com/Images/FEMA_CAP/9073/613940/DSC_2446_ded68b4f-b271-4006-a1fe-6fc411a70438.jpg,1.0,0.0,0.0,ladi.s3-us-west-2.amazonaws.com/Images/FEMA_CAP/9073/613940/DSC_2446_ded68b4f-b271-4006-a1fe-6fc411a70438.jpg
https://ladi.s3-us-west-2.amazonaws.com/Images/FEMA_CAP/9073/613941/DSC_4416_a9976aad-837e-4096-b972-82a678b53087.jpg,1.0,0.0,0.0,ladi.s3-us-west-2.amazonaws.com/Images/FEMA_CAP/9073/613941/DSC_4416_a9976aad-837e-4096-b972-82a678b53087.jpg
https://ladi.s3-us-west-2.amazonaws.com/Images/FEMA_CAP/9073/613942/DSC_1744_7004a053-b9cf-4cf9-9bcb-1a3043c0f963.jpg,0.0,0.0,1.0,ladi.s3-us-west-2.amazonaws.com/Images/FEMA_CAP/9073/613942/DSC_1744_7004a053-b9cf-4cf9-9bcb-1a3043c0f963.jpg
https://ladi.s3-us-west-2.amazonaws.com/Images/FEMA_CAP/9073/613946/DSC_5693_5509d62d-7207-4cdd-a147-9c4d336772ac.jpg,0.0,0.0,0.0,ladi.s3-us-west-2.amazonaws.com/Images/FEMA_CAP/9073/613946/DSC_5693_5509d62d-7207-4cdd-a147-9c4d336772ac.jpg
https://ladi.s3-us-west-2.amazonaws.com/Images/FEMA_CAP/9073/613946/DSC_6275_e36b92a8-dfd5-4984-ab82-25f83582b283.jpg,0.0,0.0,0.0,ladi.s3-us-west-2.amazonaws.com/Images/FEMA_CAP/9073/613946/DSC_6275_e36b92a8-dfd5-4984-ab82-25f83582b283.jpg
https://ladi.s3-us-west-2.amazonaws.com/Images/FEMA_CAP/9073/613947/DSC_2998_008ca112-0d5c-46f6-9db9-815b4dd515d5.jpg,1.0,0.0,0.0,ladi.s3-us-west-2.amazonaws.com/Images/FEMA_CAP/9073/613947/DSC_2998_008ca112-0d5c-46f6-9db9-815b4dd515d5.jpg
https://ladi.s3-us-west-2.amazonaws.com/Images/FEMA_CAP/9073/613947/DSC_3775_713e7cb1-87db-40c3-a7bd-664f3e786107.jpg,0.0,0.0,0.0,ladi.s3-us-west-2.amazonaws.com/Images/FEMA_CAP/9073/613947/DSC_3775_713e7cb1-87db-40c3-a7bd-664f3e786107.jpg
https://ladi.s3-us-west-2.amazonaws.com/Images/FEMA_CAP/9073/613947/DSC_4050_388d1884-19bc-47ac-a91d-b12c4d7832f8.jpg,0.0,0.0,0.0,ladi.s3-us-west-2.amazonaws.com/Images/FEMA_CAP/9073/613947/DSC_4050_388d1884-19bc-47ac-a91d-b12c4d7832f8.jpg
https://ladi.s3-us-west-2.amazonaws.com/Images/FEMA_CAP/9073/613948/DSC_3041_0700f9a1-56d5-44cb-83f9-b639a03a8985.jpg,1.0,0.0,0.0,ladi.s3-us-west-2.amazonaws.com/Images/FEMA_CAP/9073/613948/DSC_3041_0700f9a1-56d5-44cb-83f9-b639a03a8985.jpg
https://ladi.s3-us-west-2.amazonaws.com/Images/FEMA_CAP/9074/613608/DSC_1751_21491c37-b94b-4a77-8a40-758738f717e2.jpg,0.0,0.0,1.0,ladi.s3-us-west-2.amazonaws.com/Images/FEMA_CAP/9074/613608/DSC_1751_21491c37-b94b-4a77-8a40-758738f717e2.jpg
https://ladi.s3-us-west-2.amazonaws.com/Images/FEMA_CAP/9074/613608/DSC_1853_286fc7da-11b0-461a-bd3a-df7d4203e71e.jpg,0.0,0.0,1.0,ladi.s3-us-west-2.amazonaws.com/Images/FEMA_CAP/9074/613608/DSC_1853_286fc7da-11b0-461a-bd3a-df7d4203e71e.jpg
https://ladi.s3-us-west-2.amazonaws.com/Images/FEMA_CAP/9074/613722/DSC_0334_a60826ff-d107-4186-8f93-a793a478812a.jpg,0.0,0.0,0.0,ladi.s3-us-west-2.amazonaws.com/Images/FEMA_CAP/9074/613722/DSC_0334_a60826ff-d107-4186-8f93-a793a478812a.jpg
https://ladi.s3-us-west-2.amazonaws.com/Images/FEMA_CAP/9074/613725/DSC_0531_5141ddf7-c7d6-4f6a-8ee5-19d97bc29642.jpg,1.0,0.0,0.0,ladi.s3-us-west-2.amazonaws.com/Images/FEMA_CAP/9074/613725/DSC_0531_5141ddf7-c7d6-4f6a-8ee5-19d97bc29642.jpg
https://ladi.s3-us-west-2.amazonaws.com/Images/FEMA_CAP/9074/613732/DSC_1203_71268e9c-2e8b-4806-b191-135d9cda6248.jpg,1.0,0.0,0.0,ladi.s3-us-west-2.amazonaws.com/Images/FEMA_CAP/9074/613732/DSC_1203_71268e9c-2e8b-4806-b191-135d9cda6248.jpg
https://ladi.s3-us-west-2.amazonaws.com/Images/FEMA_CAP/9074/613733/DJI_0549_1ecceac8-7239-4bd0-b3e7-c8aa5ba65509.jpg,0.0,0.0,0.0,ladi.s3-us-west-2.amazonaws.com/Images/FEMA_CAP/9074/613733/DJI_0549_1ecceac8-7239-4bd0-b3e7-c8aa5ba65509.jpg
https://ladi.s3-us-west-2.amazonaws.com/Images/FEMA_CAP/9074/613733/DJI_0822_6d06da89-5bcc-416b-9762-25c6a8323567.jpg,0.0,0.0,1.0,ladi.s3-us-west-2.amazonaws.com/Images/FEMA_CAP/9074/613733/DJI_0822_6d06da89-5bcc-416b-9762-25c6a8323567.jpg
https://ladi.s3-us-west-2.amazonaws.com/Images/FEMA_CAP/9074/613734/ALW_3706_4d68d1d9-b3b3-4270-afd8-4d17504d68dc.jpg,1.0,0.0,0.0,ladi.s3-us-west-2.amazonaws.com/Images/FEMA_CAP/9074/613734/ALW_3706_4d68d1d9-b3b3-4270-afd8-4d17504d68dc.jpg
https://ladi.s3-us-west-2.amazonaws.com/Images/FEMA_CAP/9074/613734/ALW_4487_f2f098ce-e0af-4f4f-8b63-ec98c29d964b.jpg,0.0,0.0,0.0,ladi.s3-us-west-2.amazonaws.com/Images/FEMA_CAP/9074/613734/ALW_4487_f2f098ce-e0af-4f4f-8b63-ec98c29d964b.jpg
https://ladi.s3-us-west-2.amazonaws.com/Images/FEMA_CAP/9074/613735/DSC_0290_c01a505d-761e-47a7-bd96-ff0d8e93686d.jpg,0.0,1.0,0.0,ladi.s3-us-west-2.amazonaws.com/Images/FEMA_CAP/9074/613735/DSC_0290_c01a505d-761e-47a7-bd96-ff0d8e93686d.jpg
https://ladi.s3-us-west-2.amazonaws.com/Images/FEMA_CAP/9074/613752/DSC_6351_4b567bfa-60c0-4dff-bb88-8d2343e9fb73.jpg,0.0,0.0,0.0,ladi.s3-us-west-2.amazonaws.com/Images/FEMA_CAP/9074/613752/DSC_6351_4b567bfa-60c0-4dff-bb88-8d2343e9fb73.jpg
https://ladi.s3-us-west-2.amazonaws.com/Images/FEMA_CAP/9074/613752/DSC_6671_34bd7a3b-cf13-4d41-8e7b-9350787b2157.jpg,0.0,0.0,0.0,ladi.s3-us-west-2.amazonaws.com/Images/FEMA_CAP/9074/613752/DSC_6671_34bd7a3b-cf13-4d41-8e7b-9350787b2157.jpg
https://ladi.s3-us-west-2.amazonaws.com/Images/FEMA_CAP/9074/613769/DSC_6510_1834b87b-c6b4-4678-b52a-7ef804c8a109.jpg,0.0,0.0,0.0,ladi.s3-us-west-2.amazonaws.com/Images/FEMA_CAP/9074/613769/DSC_6510_1834b87b-c6b4-4678-b52a-7ef804c8a109.jpg
https://ladi.s3-us-west-2.amazonaws.com/Images/FEMA_CAP/9074/613771/DSC_3452_007c6b37-4fea-487a-a0ad-cb51174b8434.jpg,1.0,0.0,0.0,ladi.s3-us-west-2.amazonaws.com/Images/FEMA_CAP/9074/613771/DSC_3452_007c6b37-4fea-487a-a0ad-cb51174b8434.jpg
https://ladi.s3-us-west-2.amazonaws.com/Images/FEMA_CAP/9074/613788/DSC_0504_4c986e12-9343-4f90-9f1e-3ff15e97b464.jpg,1.0,0.0,0.0,ladi.s3-us-west-2.amazonaws.com/Images/FEMA_CAP/9074/613788/DSC_0504_4c986e12-9343-4f90-9f1e-3ff15e97b464.jpg
https://ladi.s3-us-west-2.amazonaws.com/Images/FEMA_CAP/9074/613811/DSC_0755_a7449090-479b-4fd9-bacb-3fdd61218437.jpg,0.0,0.0,1.0,ladi.s3-us-west-2.amazonaws.com/Images/FEMA_CAP/9074/613811/DSC_0755_a7449090-479b-4fd9-bacb-3fdd61218437.jpg
https://ladi.s3-us-west-2.amazonaws.com/Images/FEMA_CAP/9074/613816/DSC_2443_d153a0e1-d95b-4b1b-acad-0807711cd6db.jpg,1.0,0.0,0.0,ladi.s3-us-west-2.amazonaws.com/Images/FEMA_CAP/9074/613816/DSC_2443_d153a0e1-d95b-4b1b-acad-0807711cd6db.jpg
https://ladi.s3-us-west-2.amazonaws.com/Images/FEMA_CAP/9074/613818/DSC_7322_a14208f8-d31e-4db1-8fcb-0ced1c14acf7.jpg,1.0,0.0,0.0,ladi.s3-us-west-2.amazonaws.com/Images/FEMA_CAP/9074/613818/DSC_7322_a14208f8-d31e-4db1-8fcb-0ced1c14acf7.jpg
https://ladi.s3-us-west-2.amazonaws.com/Images/FEMA_CAP/9074/613833/DSC_1430_6dea1d72-e3b3-42b8-a72d-e71d533973d8.jpg,0.0,1.0,0.0,ladi.s3-us-west-2.amazonaws.com/Images/FEMA_CAP/9074/613833/DSC_1430_6dea1d72-e3b3-42b8-a72d-e71d533973d8.jpg
https://ladi.s3-us-west-2.amazonaws.com/Images/FEMA_CAP/9074/613833/DSC_1644_1c8f2b13-2bee-41ba-830d-8fb834d229df.jpg,0.0,0.0,1.0,ladi.s3-us-west-2.amazonaws.com/Images/FEMA_CAP/9074/613833/DSC_1644_1c8f2b13-2bee-41ba-830d-8fb834d229df.jpg
https://ladi.s3-us-west-2.amazonaws.com/Images/FEMA_CAP/9074/613833/DSC_1710_c53df819-fb23-42be-8afb-b03fa3cac5c1.jpg,0.0,0.0,1.0,ladi.s3-us-west-2.amazonaws.com/Images/FEMA_CAP/9074/613833/DSC_1710_c53df819-fb23-42be-8afb-b03fa3cac5c1.jpg
https://ladi.s3-us-west-2.amazonaws.com/Images/FEMA_CAP/9074/613833/DSC_1794_203811e3-d651-48a9-96e9-962d188ec5ae.jpg,0.0,0.0,1.0,ladi.s3-us-west-2.amazonaws.com/Images/FEMA_CAP/9074/613833/DSC_1794_203811e3-d651-48a9-96e9-962d188ec5ae.jpg
https://ladi.s3-us-west-2.amazonaws.com/Images/FEMA_CAP/9074/613848/DSC_0516_949c2cd4-85d5-48b0-bc32-d67ba73a970a.jpg,0.0,0.0,0.0,ladi.s3-us-west-2.amazonaws.com/Images/FEMA_CAP/9074/613848/DSC_0516_949c2cd4-85d5-48b0-bc32-d67ba73a970a.jpg
https://ladi.s3-us-west-2.amazonaws.com/Images/FEMA_CAP/9074/613849/DSC_7495_91fa6b68-5cc8-410c-9fbb-6b64daaf0885.jpg,0.0,0.0,0.0,ladi.s3-us-west-2.amazonaws.com/Images/FEMA_CAP/9074/613849/DSC_7495_91fa6b68-5cc8-410c-9fbb-6b64daaf0885.jpg
https://ladi.s3-us-west-2.amazonaws.com/Images/FEMA_CAP/9074/613868/DSC_7897_2c43f079-770c-4b61-904b-4a6b4c80d995.jpg,1.0,0.0,0.0,ladi.s3-us-west-2.amazonaws.com/Images/FEMA_CAP/9074/613868/DSC_7897_2c43f079-770c-4b61-904b-4a6b4c80d995.jpg
https://ladi.s3-us-west-2.amazonaws.com/Images/FEMA_CAP/9074/613883/DSC_0868_2a695903-24b3-4788-adf8-cd1ee6d7b40e.jpg,0.0,0.0,0.0,ladi.s3-us-west-2.amazonaws.com/Images/FEMA_CAP/9074/613883/DSC_0868_2a695903-24b3-4788-adf8-cd1ee6d7b40e.jpg
https://ladi.s3-us-west-2.amazonaws.com/Images/FEMA_CAP/9074/613883/DSC_0927_0b95f760-3417-49fc-9e71-8ee4cfcebb7d.jpg,0.0,0.0,0.0,ladi.s3-us-west-2.amazonaws.com/Images/FEMA_CAP/9074/613883/DSC_0927_0b95f760-3417-49fc-9e71-8ee4cfcebb7d.jpg
https://ladi.s3-us-west-2.amazonaws.com/Images/FEMA_CAP/9074/613883/DSC_1471_5933558f-2ff9-4bd8-a874-e40529ac9c18.jpg,1.0,0.0,0.0,ladi.s3-us-west-2.amazonaws.com/Images/FEMA_CAP/9074/613883/DSC_1471_5933558f-2ff9-4bd8-a874-e40529ac9c18.jpg
https://ladi.s3-us-west-2.amazonaws.com/Images/FEMA_CAP/9074/613905/DSC_0439_f9dcf279-9085-4fcb-94d6-66446110fd93.jpg,0.0,0.0,0.0,ladi.s3-us-west-2.amazonaws.com/Images/FEMA_CAP/9074/613905/DSC_0439_f9dcf279-9085-4fcb-94d6-66446110fd93.jpg
https://ladi.s3-us-west-2.amazonaws.com/Images/FEMA_CAP/9074/613906/DSC_5580_86499731-b25f-4cb3-adb8-c4941b17ed87.jpg,0.0,1.0,0.0,ladi.s3-us-west-2.amazonaws.com/Images/FEMA_CAP/9074/613906/DSC_5580_86499731-b25f-4cb3-adb8-c4941b17ed87.jpg
https://ladi.s3-us-west-2.amazonaws.com/Images/FEMA_CAP/9074/613911/DSC_2234_758c6b79-1686-4d10-a128-49c2990a6230.jpg,0.0,1.0,0.0,ladi.s3-us-west-2.amazonaws.com/Images/FEMA_CAP/9074/613911/DSC_2234_758c6b79-1686-4d10-a128-49c2990a6230.jpg
https://ladi.s3-us-west-2.amazonaws.com/Images/FEMA_CAP/9074/613911/DSC_2298_dea4562a-c5ae-48a8-80ae-56f595da98e9.jpg,0.0,0.0,0.0,ladi.s3-us-west-2.amazonaws.com/Images/FEMA_CAP/9074/613911/DSC_2298_dea4562a-c5ae-48a8-80ae-56f595da98e9.jpg
https://ladi.s3-us-west-2.amazonaws.com/Images/FEMA_CAP/9075/613984/A0032-68_2d2bbf02-91e3-4060-a10c-747427d5020a.jpg,0.0,0.0,1.0,ladi.s3-us-west-2.amazonaws.com/Images/FEMA_CAP/9075/613984/A0032-68_2d2bbf02-91e3-4060-a10c-747427d5020a.jpg
https://ladi.s3-us-west-2.amazonaws.com/Images/FEMA_CAP/9075/613997/A0013Vb0_bbc3e665-9943-477f-ab34-fb7f8e77833b.jpg,0.0,0.0,1.0,ladi.s3-us-west-2.amazonaws.com/Images/FEMA_CAP/9075/613997/A0013Vb0_bbc3e665-9943-477f-ab34-fb7f8e77833b.jpg
https://ladi.s3-us-west-2.amazonaws.com/Images/FEMA_CAP/9075/613998/A0013-78_da23a190-0400-4e3f-8436-7ae69a075213.jpg,0.0,0.0,1.0,ladi.s3-us-west-2.amazonaws.com/Images/FEMA_CAP/9075/613998/A0013-78_da23a190-0400-4e3f-8436-7ae69a075213.jpg
https://ladi.s3-us-west-2.amazonaws.com/Images/FEMA_CAP/9075/613998/A0013-79_d89b2aac-6799-4900-8ef9-b19de4997e35.jpg,0.0,0.0,0.0,ladi.s3-us-west-2.amazonaws.com/Images/FEMA_CAP/9075/613998/A0013-79_d89b2aac-6799-4900-8ef9-b19de4997e35.jpg
https://ladi.s3-us-west-2.amazonaws.com/Images/FEMA_CAP/9075/614000/A0011844_33289242-ae8a-445e-b198-ab880182e764.jpg,0.0,0.0,1.0,ladi.s3-us-west-2.amazonaws.com/Images/FEMA_CAP/9075/614000/A0011844_33289242-ae8a-445e-b198-ab880182e764.jpg
https://ladi.s3-us-west-2.amazonaws.com/Images/FEMA_CAP/9075/614000/A0011846_883b8a56-0e1f-4df7-bac4-1cb062524ea6.jpg,0.0,1.0,0.0,ladi.s3-us-west-2.amazonaws.com/Images/FEMA_CAP/9075/614000/A0011846_883b8a56-0e1f-4df7-bac4-1cb062524ea6.jpg
https://ladi.s3-us-west-2.amazonaws.com/Images/FEMA_CAP/9075/614000/A0011857_b3ed00b7-3620-43cd-bf1e-4828af1b1e19.jpg,0.0,1.0,0.0,ladi.s3-us-west-2.amazonaws.com/Images/FEMA_CAP/9075/614000/A0011857_b3ed00b7-3620-43cd-bf1e-4828af1b1e19.jpg
https://ladi.s3-us-west-2.amazonaws.com/Images/FEMA_CAP/9075/614000/A0011898_8c76f9c5-a100-4d93-b9a5-204bf038d852.jpg,0.0,0.0,1.0,ladi.s3-us-west-2.amazonaws.com/Images/FEMA_CAP/9075/614000/A0011898_8c76f9c5-a100-4d93-b9a5-204bf038d852.jpg
https://ladi.s3-us-west-2.amazonaws.com/Images/FEMA_CAP/9075/614001/A0027-04_6f8d2782-e572-4336-ae23-1f164f5e42ff.jpg,0.0,1.0,0.0,ladi.s3-us-west-2.amazonaws.com/Images/FEMA_CAP/9075/614001/A0027-04_6f8d2782-e572-4336-ae23-1f164f5e42ff.jpg
https://ladi.s3-us-west-2.amazonaws.com/Images/FEMA_CAP/9075/614001/A0027-92_12c418eb-7722-4091-a667-53c7266d555c.jpg,0.0,0.0,1.0,ladi.s3-us-west-2.amazonaws.com/Images/FEMA_CAP/9075/614001/A0027-92_12c418eb-7722-4091-a667-53c7266d555c.jpg
https://ladi.s3-us-west-2.amazonaws.com/Images/FEMA_CAP/9075/614001/A0027-92_2e296713-824f-438d-a8c9-3a2dc79e3b89.jpg,0.0,0.0,1.0,ladi.s3-us-west-2.amazonaws.com/Images/FEMA_CAP/9075/614001/A0027-92_2e296713-824f-438d-a8c9-3a2dc79e3b89.jpg
https://ladi.s3-us-west-2.amazonaws.com/Images/FEMA_CAP/9075/614001/A0027-92_9c2647ac-499f-4575-8492-1199f8ed88dd.jpg,0.0,0.0,1.0,ladi.s3-us-west-2.amazonaws.com/Images/FEMA_CAP/9075/614001/A0027-92_9c2647ac-499f-4575-8492-1199f8ed88dd.jpg
https://ladi.s3-us-west-2.amazonaws.com/Images/FEMA_CAP/9075/614001/A0027-92_a9dcee4c-1f0a-4682-a802-d7dfbeb80fb4.jpg,0.0,1.0,0.0,ladi.s3-us-west-2.amazonaws.com/Images/FEMA_CAP/9075/614001/A0027-92_a9dcee4c-1f0a-4682-a802-d7dfbeb80fb4.jpg
https://ladi.s3-us-west-2.amazonaws.com/Images/FEMA_CAP/9075/614001/A0027-92_cc535682-04c4-4ccc-96a8-e09ecb3d94c2.jpg,1.0,0.0,0.0,ladi.s3-us-west-2.amazonaws.com/Images/FEMA_CAP/9075/614001/A0027-92_cc535682-04c4-4ccc-96a8-e09ecb3d94c2.jpg
https://ladi.s3-us-west-2.amazonaws.com/Images/FEMA_CAP/9075/614001/A0027-92_e8424b0b-ec02-4c0e-8b25-1acc037750b3.jpg,0.0,1.0,0.0,ladi.s3-us-west-2.amazonaws.com/Images/FEMA_CAP/9075/614001/A0027-92_e8424b0b-ec02-4c0e-8b25-1acc037750b3.jpg
https://ladi.s3-us-west-2.amazonaws.com/Images/FEMA_CAP/9075/614001/A0027-92_f7207b50-d190-42af-b5a6-c18bb03d1f97.jpg,0.0,0.0,1.0,ladi.s3-us-west-2.amazonaws.com/Images/FEMA_CAP/9075/614001/A0027-92_f7207b50-d190-42af-b5a6-c18bb03d1f97.jpg
https://ladi.s3-us-west-2.amazonaws.com/Images/FEMA_CAP/9075/614001/A0027-93_d1c802e4-946d-400f-8442-0f7ecfea1097.jpg,0.0,1.0,0.0,ladi.s3-us-west-2.amazonaws.com/Images/FEMA_CAP/9075/614001/A0027-93_d1c802e4-946d-400f-8442-0f7ecfea1097.jpg
https://ladi.s3-us-west-2.amazonaws.com/Images/FEMA_CAP/9075/614001/A0027-94_355188f9-e39b-4a73-8208-17a1c2334215.jpg,0.0,0.0,1.0,ladi.s3-us-west-2.amazonaws.com/Images/FEMA_CAP/9075/614001/A0027-94_355188f9-e39b-4a73-8208-17a1c2334215.jpg
https://ladi.s3-us-west-2.amazonaws.com/Images/FEMA_CAP/9075/614001/A0027-94_cb13e741-5003-446a-a14f-b1df7acf2903.jpg,0.0,1.0,0.0,ladi.s3-us-west-2.amazonaws.com/Images/FEMA_CAP/9075/614001/A0027-94_cb13e741-5003-446a-a14f-b1df7acf2903.jpg
https://ladi.s3-us-west-2.amazonaws.com/Images/FEMA_CAP/9075/614004/A0019047_039dd1e5-e434-4a86-a35b-d7faa4bfeb61.jpg,0.0,1.0,0.0,ladi.s3-us-west-2.amazonaws.com/Images/FEMA_CAP/9075/614004/A0019047_039dd1e5-e434-4a86-a35b-d7faa4bfeb61.jpg
https://ladi.s3-us-west-2.amazonaws.com/Images/FEMA_CAP/9075/614004/A0019056_7a7bc4ab-3a3a-4f34-84a3-9108563ec99a.jpg,0.0,1.0,0.0,ladi.s3-us-west-2.amazonaws.com/Images/FEMA_CAP/9075/614004/A0019056_7a7bc4ab-3a3a-4f34-84a3-9108563ec99a.jpg
https://ladi.s3-us-west-2.amazonaws.com/Images/FEMA_CAP/9075/614004/A0019056_c470e15b-2ba8-4d41-bed0-3bd384812759.jpg,0.0,1.0,0.0,ladi.s3-us-west-2.amazonaws.com/Images/FEMA_CAP/9075/614004/A0019056_c470e15b-2ba8-4d41-bed0-3bd384812759.jpg
https://ladi.s3-us-west-2.amazonaws.com/Images/FEMA_CAP/9075/614011/A0008AP-_373d2a4c-23b9-46e5-9c74-80f0a6f9b9d9.jpg,0.0,0.0,1.0,ladi.s3-us-west-2.amazonaws.com/Images/FEMA_CAP/9075/614011/A0008AP-_373d2a4c-23b9-46e5-9c74-80f0a6f9b9d9.jpg
https://ladi.s3-us-west-2.amazonaws.com/Images/FEMA_CAP/9075/614011/A0008AP-_7298f95e-e0aa-439a-9233-cc6c3faa09a9.jpg,0.0,0.0,1.0,ladi.s3-us-west-2.amazonaws.com/Images/FEMA_CAP/9075/614011/A0008AP-_7298f95e-e0aa-439a-9233-cc6c3faa09a9.jpg
https://ladi.s3-us-west-2.amazonaws.com/Images/FEMA_CAP/9075/614011/A0008AP-_9bce9f49-76f0-4048-806f-555f94cd01e1.jpg,0.0,1.0,0.0,ladi.s3-us-west-2.amazonaws.com/Images/FEMA_CAP/9075/614011/A0008AP-_9bce9f49-76f0-4048-806f-555f94cd01e1.jpg
https://ladi.s3-us-west-2.amazonaws.com/Images/FEMA_CAP/9075/614011/A0008AP-_aeda7650-606f-4d04-bce0-acff7616c7b3.jpg,0.0,1.0,0.0,ladi.s3-us-west-2.amazonaws.com/Images/FEMA_CAP/9075/614011/A0008AP-_aeda7650-606f-4d04-bce0-acff7616c7b3.jpg
https://ladi.s3-us-west-2.amazonaws.com/Images/FEMA_CAP/9075/614011/A0008AP-_cacc6145-2ec6-4a36-acf5-2f276f3373bf.jpg,0.0,1.0,0.0,ladi.s3-us-west-2.amazonaws.com/Images/FEMA_CAP/9075/614011/A0008AP-_cacc6145-2ec6-4a36-acf5-2f276f3373bf.jpg
https://ladi.s3-us-west-2.amazonaws.com/Images/FEMA_CAP/9075/614011/A0008AP-_f64769f8-2456-418d-8e9a-7e81716d4c87.jpg,0.0,1.0,0.0,ladi.s3-us-west-2.amazonaws.com/Images/FEMA_CAP/9075/614011/A0008AP-_f64769f8-2456-418d-8e9a-7e81716d4c87.jpg
https://ladi.s3-us-west-2.amazonaws.com/Images/FEMA_CAP/9075/614015/A0041APU_46a17bf2-69f8-4084-bd16-e951141b4294.jpg,0.0,0.0,1.0,ladi.s3-us-west-2.amazonaws.com/Images/FEMA_CAP/9075/614015/A0041APU_46a17bf2-69f8-4084-bd16-e951141b4294.jpg
https://ladi.s3-us-west-2.amazonaws.com/Images/FEMA_CAP/9075/614015/A0041APU_b5f1882c-5c27-482f-bd44-77e829e9e611.jpg,0.0,1.0,0.0,ladi.s3-us-west-2.amazonaws.com/Images/FEMA_CAP/9075/614015/A0041APU_b5f1882c-5c27-482f-bd44-77e829e9e611.jpg
https://ladi.s3-us-west-2.amazonaws.com/Images/FEMA_CAP/9075/614021/AP0063AP_51d35657-6a9e-43c2-9e99-a86d882b585a.jpg,0.0,0.0,1.0,ladi.s3-us-west-2.amazonaws.com/Images/FEMA_CAP/9075/614021/AP0063AP_51d35657-6a9e-43c2-9e99-a86d882b585a.jpg
https://ladi.s3-us-west-2.amazonaws.com/Images/FEMA_CAP/9075/614021/AP0063AP_6096d9e9-69c0-464d-a90c-574da5c3df96.jpg,0.0,1.0,0.0,ladi.s3-us-west-2.amazonaws.com/Images/FEMA_CAP/9075/614021/AP0063AP_6096d9e9-69c0-464d-a90c-574da5c3df96.jpg
https://ladi.s3-us-west-2.amazonaws.com/Images/FEMA_CAP/9075/614023/A0069AP-_062881c7-5803-4879-ba27-39310cda22fb.jpg,0.0,1.0,0.0,ladi.s3-us-west-2.amazonaws.com/Images/FEMA_CAP/9075/614023/A0069AP-_062881c7-5803-4879-ba27-39310cda22fb.jpg
https://ladi.s3-us-west-2.amazonaws.com/Images/FEMA_CAP/9075/614023/A0069AP-_0fdd11cb-85c2-4a79-a33d-b99d32bcca90.jpg,0.0,0.0,1.0,ladi.s3-us-west-2.amazonaws.com/Images/FEMA_CAP/9075/614023/A0069AP-_0fdd11cb-85c2-4a79-a33d-b99d32bcca90.jpg
https://ladi.s3-us-west-2.amazonaws.com/Images/FEMA_CAP/9075/614026/A0066V3-_d98c628f-0c18-4ef9-aeec-169a0b2993d5.jpg,0.0,1.0,0.0,ladi.s3-us-west-2.amazonaws.com/Images/FEMA_CAP/9075/614026/A0066V3-_d98c628f-0c18-4ef9-aeec-169a0b2993d5.jpg
https://ladi.s3-us-west-2.amazonaws.com/Images/FEMA_CAP/9075/614028/A0082APG_fb95ac0e-3665-4b61-85d6-a313f1248aa9.jpg,0.0,0.0,1.0,ladi.s3-us-west-2.amazonaws.com/Images/FEMA_CAP/9075/614028/A0082APG_fb95ac0e-3665-4b61-85d6-a313f1248aa9.jpg
https://ladi.s3-us-west-2.amazonaws.com/Images/FEMA_CAP/9075/614029/A0070_AP_38f90f05-fd9b-4a2f-914b-446a280e222c.jpg,0.0,1.0,0.0,ladi.s3-us-west-2.amazonaws.com/Images/FEMA_CAP/9075/614029/A0070_AP_38f90f05-fd9b-4a2f-914b-446a280e222c.jpg
https://ladi.s3-us-west-2.amazonaws.com/Images/FEMA_CAP/9075/614029/A0070_AP_d6006539-7870-43ab-8c7e-34bf1210e1e2.jpg,0.0,1.0,0.0,ladi.s3-us-west-2.amazonaws.com/Images/FEMA_CAP/9075/614029/A0070_AP_d6006539-7870-43ab-8c7e-34bf1210e1e2.jpg
https://ladi.s3-us-west-2.amazonaws.com/Images/FEMA_CAP/9075/614029/A0070_AP_f1d9f017-d992-44ad-8fc9-f6cfe8d80275.jpg,0.0,0.0,1.0,ladi.s3-us-west-2.amazonaws.com/Images/FEMA_CAP/9075/614029/A0070_AP_f1d9f017-d992-44ad-8fc9-f6cfe8d80275.jpg
https://ladi.s3-us-west-2.amazonaws.com/Images/FEMA_CAP/9075/614034/A0132_AP_e6f56ebc-6466-4392-b285-049a246f4750.jpg,0.0,1.0,0.0,ladi.s3-us-west-2.amazonaws.com/Images/FEMA_CAP/9075/614034/A0132_AP_e6f56ebc-6466-4392-b285-049a246f4750.jpg
https://ladi.s3-us-west-2.amazonaws.com/Images/FEMA_CAP/9075/614040/A0078_AP_9cc2cff8-9326-4f7d-99e1-b90622d8c8b7.jpg,0.0,0.0,1.0,ladi.s3-us-west-2.amazonaws.com/Images/FEMA_CAP/9075/614040/A0078_AP_9cc2cff8-9326-4f7d-99e1-b90622d8c8b7.jpg
https://ladi.s3-us-west-2.amazonaws.com/Images/FEMA_CAP/9075/614040/A0078_AP_e5ac4c86-3bf3-4732-897c-b9b6b48547f4.jpg,0.0,0.0,1.0,ladi.s3-us-west-2.amazonaws.com/Images/FEMA_CAP/9075/614040/A0078_AP_e5ac4c86-3bf3-4732-897c-b9b6b48547f4.jpg
https://ladi.s3-us-west-2.amazonaws.com/Images/FEMA_CAP/9075/614042/A0080_AP_450a033a-82c0-4c26-9800-e200d72f5f2a.jpg,1.0,0.0,0.0,ladi.s3-us-west-2.amazonaws.com/Images/FEMA_CAP/9075/614042/A0080_AP_450a033a-82c0-4c26-9800-e200d72f5f2a.jpg
https://ladi.s3-us-west-2.amazonaws.com/Images/FEMA_CAP/9075/614042/A0080_AP_53711316-6ffb-4cca-9cac-8819e9f7cc8f.jpg,0.0,0.0,1.0,ladi.s3-us-west-2.amazonaws.com/Images/FEMA_CAP/9075/614042/A0080_AP_53711316-6ffb-4cca-9cac-8819e9f7cc8f.jpg
https://ladi.s3-us-west-2.amazonaws.com/Images/FEMA_CAP/9075/614042/A0080_AP_97076393-855f-4ab3-8948-d1f19563232a.jpg,0.0,1.0,0.0,ladi.s3-us-west-2.amazonaws.com/Images/FEMA_CAP/9075/614042/A0080_AP_97076393-855f-4ab3-8948-d1f19563232a.jpg
https://ladi.s3-us-west-2.amazonaws.com/Images/FEMA_CAP/9075/614042/A0080_AP_abef35c8-2583-4266-9d0c-9b1835c37d4f.jpg,0.0,0.0,1.0,ladi.s3-us-west-2.amazonaws.com/Images/FEMA_CAP/9075/614042/A0080_AP_abef35c8-2583-4266-9d0c-9b1835c37d4f.jpg
https://ladi.s3-us-west-2.amazonaws.com/Images/FEMA_CAP/9075/614043/A0083_AP_cded3fe2-858e-4f8f-ae9c-540bcc1584c9.jpg,0.0,0.0,1.0,ladi.s3-us-west-2.amazonaws.com/Images/FEMA_CAP/9075/614043/A0083_AP_cded3fe2-858e-4f8f-ae9c-540bcc1584c9.jpg
https://ladi.s3-us-west-2.amazonaws.com/Images/FEMA_CAP/9075/614044/A0153_AP_2aa9b114-e7cb-4bf6-aa1c-8a33e50b5eac.jpg,0.0,0.0,0.0,ladi.s3-us-west-2.amazonaws.com/Images/FEMA_CAP/9075/614044/A0153_AP_2aa9b114-e7cb-4bf6-aa1c-8a33e50b5eac.jpg
https://ladi.s3-us-west-2.amazonaws.com/Images/FEMA_CAP/9075/614051/DSC_8700_e035e1ce-da0e-4fca-a717-49c77cee6863.jpg,0.0,1.0,0.0,ladi.s3-us-west-2.amazonaws.com/Images/FEMA_CAP/9075/614051/DSC_8700_e035e1ce-da0e-4fca-a717-49c77cee6863.jpg
https://ladi.s3-us-west-2.amazonaws.com/Images/FEMA_CAP/9075/614052/A0145_AP_11115ce3-a38a-4b63-9e81-d1ab8e4b8d19.jpg,0.0,1.0,0.0,ladi.s3-us-west-2.amazonaws.com/Images/FEMA_CAP/9075/614052/A0145_AP_11115ce3-a38a-4b63-9e81-d1ab8e4b8d19.jpg
https://ladi.s3-us-west-2.amazonaws.com/Images/FEMA_CAP/9075/614052/A0145_AP_2f95470f-ecef-4487-b44c-14b761e51fbe.jpg,0.0,0.0,0.0,ladi.s3-us-west-2.amazonaws.com/Images/FEMA_CAP/9075/614052/A0145_AP_2f95470f-ecef-4487-b44c-14b761e51fbe.jpg
https://ladi.s3-us-west-2.amazonaws.com/Images/FEMA_CAP/9075/614052/A0145_AP_9b172f31-3c0d-4223-8875-310c178e80b6.jpg,0.0,1.0,0.0,ladi.s3-us-west-2.amazonaws.com/Images/FEMA_CAP/9075/614052/A0145_AP_9b172f31-3c0d-4223-8875-310c178e80b6.jpg
https://ladi.s3-us-west-2.amazonaws.com/Images/FEMA_CAP/9075/614052/A0145_AP_bce16b5e-03a6-47e0-8774-256d3192a2a1.jpg,0.0,0.0,1.0,ladi.s3-us-west-2.amazonaws.com/Images/FEMA_CAP/9075/614052/A0145_AP_bce16b5e-03a6-47e0-8774-256d3192a2a1.jpg
https://ladi.s3-us-west-2.amazonaws.com/Images/FEMA_CAP/9075/614052/A0145_AP_ce1222e0-7851-4760-8306-47089601cf1f.jpg,0.0,1.0,0.0,ladi.s3-us-west-2.amazonaws.com/Images/FEMA_CAP/9075/614052/A0145_AP_ce1222e0-7851-4760-8306-47089601cf1f.jpg
https://ladi.s3-us-west-2.amazonaws.com/Images/FEMA_CAP/9075/614052/A0145_AP_f19e0be9-c456-4bcc-87e9-2659ee52fa05.jpg,0.0,0.0,1.0,ladi.s3-us-west-2.amazonaws.com/Images/FEMA_CAP/9075/614052/A0145_AP_f19e0be9-c456-4bcc-87e9-2659ee52fa05.jpg
https://ladi.s3-us-west-2.amazonaws.com/Images/FEMA_CAP/9075/614054/A0133_AP_801f9d10-113c-4341-b477-f73071120eef.jpg,0.0,0.0,1.0,ladi.s3-us-west-2.amazonaws.com/Images/FEMA_CAP/9075/614054/A0133_AP_801f9d10-113c-4341-b477-f73071120eef.jpg
https://ladi.s3-us-west-2.amazonaws.com/Images/FEMA_CAP/9075/614056/A0113_AP_29b0d4ce-5c55-45d0-a17f-34a066f805c1.jpg,0.0,1.0,0.0,ladi.s3-us-west-2.amazonaws.com/Images/FEMA_CAP/9075/614056/A0113_AP_29b0d4ce-5c55-45d0-a17f-34a066f805c1.jpg
https://ladi.s3-us-west-2.amazonaws.com/Images/FEMA_CAP/9075/614056/A0113_AP_d22b84cf-2957-45eb-94ce-5f609474cf4a.jpg,0.0,0.0,1.0,ladi.s3-us-west-2.amazonaws.com/Images/FEMA_CAP/9075/614056/A0113_AP_d22b84cf-2957-45eb-94ce-5f609474cf4a.jpg
https://ladi.s3-us-west-2.amazonaws.com/Images/FEMA_CAP/9075/614060/A0087_AP_5ac57ab7-acfe-4882-8812-cd47932fb26d.jpg,0.0,1.0,0.0,ladi.s3-us-west-2.amazonaws.com/Images/FEMA_CAP/9075/614060/A0087_AP_5ac57ab7-acfe-4882-8812-cd47932fb26d.jpg
https://ladi.s3-us-west-2.amazonaws.com/Images/FEMA_CAP/9075/614060/A0087_AP_9b0cb43a-4520-407e-b8da-6884cf9e6e56.jpg,0.0,0.0,1.0,ladi.s3-us-west-2.amazonaws.com/Images/FEMA_CAP/9075/614060/A0087_AP_9b0cb43a-4520-407e-b8da-6884cf9e6e56.jpg
https://ladi.s3-us-west-2.amazonaws.com/Images/FEMA_CAP/9075/614060/A0087_AP_a71287fd-f1b7-4ae2-b887-548b5d95f215.jpg,0.0,0.0,1.0,ladi.s3-us-west-2.amazonaws.com/Images/FEMA_CAP/9075/614060/A0087_AP_a71287fd-f1b7-4ae2-b887-548b5d95f215.jpg
https://ladi.s3-us-west-2.amazonaws.com/Images/FEMA_CAP/9075/614060/A0087_AP_fe90cd77-2f46-43dd-9240-123fd6709f32.jpg,0.0,1.0,0.0,ladi.s3-us-west-2.amazonaws.com/Images/FEMA_CAP/9075/614060/A0087_AP_fe90cd77-2f46-43dd-9240-123fd6709f32.jpg
https://ladi.s3-us-west-2.amazonaws.com/Images/FEMA_CAP/9075/614063/A0086_AP_1db63d36-a4fd-41b0-8cea-5c46bd06f57b.jpg,0.0,0.0,1.0,ladi.s3-us-west-2.amazonaws.com/Images/FEMA_CAP/9075/614063/A0086_AP_1db63d36-a4fd-41b0-8cea-5c46bd06f57b.jpg
https://ladi.s3-us-west-2.amazonaws.com/Images/FEMA_CAP/9075/614064/A0008_AP_5c12a494-f572-4138-b64f-69755600780b.jpg,0.0,1.0,0.0,ladi.s3-us-west-2.amazonaws.com/Images/FEMA_CAP/9075/614064/A0008_AP_5c12a494-f572-4138-b64f-69755600780b.jpg
https://ladi.s3-us-west-2.amazonaws.com/Images/FEMA_CAP/9075/614066/A0007_AP_26e78722-7ca8-4e17-97f2-00c9bb1c8449.jpg,0.0,0.0,1.0,ladi.s3-us-west-2.amazonaws.com/Images/FEMA_CAP/9075/614066/A0007_AP_26e78722-7ca8-4e17-97f2-00c9bb1c8449.jpg
https://ladi.s3-us-west-2.amazonaws.com/Images/FEMA_CAP/9075/614066/A0007_AP_2711d4b5-795e-4bbc-9a19-7343734668a8.jpg,0.0,0.0,1.0,ladi.s3-us-west-2.amazonaws.com/Images/FEMA_CAP/9075/614066/A0007_AP_2711d4b5-795e-4bbc-9a19-7343734668a8.jpg
https://ladi.s3-us-west-2.amazonaws.com/Images/FEMA_CAP/9075/614066/A0007_AP_77e11705-6a04-492b-bbf2-0346c579183d.jpg,0.0,0.0,0.0,ladi.s3-us-west-2.amazonaws.com/Images/FEMA_CAP/9075/614066/A0007_AP_77e11705-6a04-492b-bbf2-0346c579183d.jpg
https://ladi.s3-us-west-2.amazonaws.com/Images/FEMA_CAP/9075/614067/A0020_AP_95f801f6-e594-4c1c-90b2-f32b6a7b4d05.jpg,0.0,1.0,0.0,ladi.s3-us-west-2.amazonaws.com/Images/FEMA_CAP/9075/614067/A0020_AP_95f801f6-e594-4c1c-90b2-f32b6a7b4d05.jpg
https://ladi.s3-us-west-2.amazonaws.com/Images/FEMA_CAP/9075/614068/A0020_AP_45d09cff-2925-4d0d-b777-ce9ed2f14520.jpg,0.0,1.0,0.0,ladi.s3-us-west-2.amazonaws.com/Images/FEMA_CAP/9075/614068/A0020_AP_45d09cff-2925-4d0d-b777-ce9ed2f14520.jpg
https://ladi.s3-us-west-2.amazonaws.com/Images/FEMA_CAP/9075/614068/A0020_AP_9e205a09-1a1f-4220-96c8-2be59b7f4fa0.jpg,0.0,0.0,0.0,ladi.s3-us-west-2.amazonaws.com/Images/FEMA_CAP/9075/614068/A0020_AP_9e205a09-1a1f-4220-96c8-2be59b7f4fa0.jpg
https://ladi.s3-us-west-2.amazonaws.com/Images/FEMA_CAP/9075/614068/A0020_AP_a3a1d344-3fa8-4abd-ac71-fefedf1a6c57.jpg,0.0,0.0,1.0,ladi.s3-us-west-2.amazonaws.com/Images/FEMA_CAP/9075/614068/A0020_AP_a3a1d344-3fa8-4abd-ac71-fefedf1a6c57.jpg
https://ladi.s3-us-west-2.amazonaws.com/Images/FEMA_CAP/9075/614068/A0020_AP_d1ace46c-f7c1-4900-94d4-c99240f04745.jpg,0.0,1.0,0.0,ladi.s3-us-west-2.amazonaws.com/Images/FEMA_CAP/9075/614068/A0020_AP_d1ace46c-f7c1-4900-94d4-c99240f04745.jpg
https://ladi.s3-us-west-2.amazonaws.com/Images/FEMA_CAP/9075/614068/A0020_AP_f31f5fd9-b677-45cf-82bd-957fcc1c8628.jpg,1.0,0.0,0.0,ladi.s3-us-west-2.amazonaws.com/Images/FEMA_CAP/9075/614068/A0020_AP_f31f5fd9-b677-45cf-82bd-957fcc1c8628.jpg
https://ladi.s3-us-west-2.amazonaws.com/Images/FEMA_CAP/9075/614070/A0093_AP_2e532afc-01b3-4451-bb31-2a12a6117a15.jpg,0.0,1.0,0.0,ladi.s3-us-west-2.amazonaws.com/Images/FEMA_CAP/9075/614070/A0093_AP_2e532afc-01b3-4451-bb31-2a12a6117a15.jpg
https://ladi.s3-us-west-2.amazonaws.com/Images/FEMA_CAP/9075/614070/A0093_AP_660eac7d-947f-425b-a984-b78cf0022958.jpg,0.0,0.0,1.0,ladi.s3-us-west-2.amazonaws.com/Images/FEMA_CAP/9075/614070/A0093_AP_660eac7d-947f-425b-a984-b78cf0022958.jpg
https://ladi.s3-us-west-2.amazonaws.com/Images/FEMA_CAP/9075/614071/A0013_AP_3a0f83f0-1e36-4514-9ed4-85d75681a9c0.jpg,0.0,1.0,0.0,ladi.s3-us-west-2.amazonaws.com/Images/FEMA_CAP/9075/614071/A0013_AP_3a0f83f0-1e36-4514-9ed4-85d75681a9c0.jpg
https://ladi.s3-us-west-2.amazonaws.com/Images/FEMA_CAP/9075/614071/A0013_AP_49403c93-b23d-48ae-b577-3d249dff3f72.jpg,0.0,0.0,1.0,ladi.s3-us-west-2.amazonaws.com/Images/FEMA_CAP/9075/614071/A0013_AP_49403c93-b23d-48ae-b577-3d249dff3f72.jpg
https://ladi.s3-us-west-2.amazonaws.com/Images/FEMA_CAP/9075/614071/A0013_AP_4d2bcdf0-7c43-453e-84d2-70ebbfdb4301.jpg,0.0,1.0,0.0,ladi.s3-us-west-2.amazonaws.com/Images/FEMA_CAP/9075/614071/A0013_AP_4d2bcdf0-7c43-453e-84d2-70ebbfdb4301.jpg
https://ladi.s3-us-west-2.amazonaws.com/Images/FEMA_CAP/9075/614071/A0013_AP_78ce9bd3-d986-4978-a7a2-8db1de7476d5.jpg,0.0,0.0,1.0,ladi.s3-us-west-2.amazonaws.com/Images/FEMA_CAP/9075/614071/A0013_AP_78ce9bd3-d986-4978-a7a2-8db1de7476d5.jpg
https://ladi.s3-us-west-2.amazonaws.com/Images/FEMA_CAP/9075/614076/A0031_AP_503332c1-09f1-423e-9562-86dc8893b58c.jpg,0.0,1.0,0.0,ladi.s3-us-west-2.amazonaws.com/Images/FEMA_CAP/9075/614076/A0031_AP_503332c1-09f1-423e-9562-86dc8893b58c.jpg
https://ladi.s3-us-west-2.amazonaws.com/Images/FEMA_CAP/9075/614079/A0022_AP_67ca0d3f-9ca1-4ba7-b2fd-f3ca3feeea97.jpg,0.0,1.0,0.0,ladi.s3-us-west-2.amazonaws.com/Images/FEMA_CAP/9075/614079/A0022_AP_67ca0d3f-9ca1-4ba7-b2fd-f3ca3feeea97.jpg
https://ladi.s3-us-west-2.amazonaws.com/Images/FEMA_CAP/9075/614079/A0022_AP_6982be55-e351-458e-89fd-b56fa7a44f63.jpg,0.0,0.0,0.0,ladi.s3-us-west-2.amazonaws.com/Images/FEMA_CAP/9075/614079/A0022_AP_6982be55-e351-458e-89fd-b56fa7a44f63.jpg
https://ladi.s3-us-west-2.amazonaws.com/Images/FEMA_CAP/9075/614079/A0022_AP_76d22e70-c6db-4ec0-99e2-1d04f765ab78.jpg,0.0,0.0,1.0,ladi.s3-us-west-2.amazonaws.com/Images/FEMA_CAP/9075/614079/A0022_AP_76d22e70-c6db-4ec0-99e2-1d04f765ab78.jpg
https://ladi.s3-us-west-2.amazonaws.com/Images/FEMA_CAP/9075/614079/A0022_AP_77c18835-350a-4a42-99da-7d2b2bad927a.jpg,0.0,0.0,1.0,ladi.s3-us-west-2.amazonaws.com/Images/FEMA_CAP/9075/614079/A0022_AP_77c18835-350a-4a42-99da-7d2b2bad927a.jpg
https://ladi.s3-us-west-2.amazonaws.com/Images/FEMA_CAP/9075/614079/A0022_AP_a149a8b7-f89d-4814-b7fd-f16068f39b2b.jpg,0.0,0.0,1.0,ladi.s3-us-west-2.amazonaws.com/Images/FEMA_CAP/9075/614079/A0022_AP_a149a8b7-f89d-4814-b7fd-f16068f39b2b.jpg
https://ladi.s3-us-west-2.amazonaws.com/Images/FEMA_CAP/9075/614080/A0001_AP_b356d79e-a5a0-4523-babb-17c4c7e2011c.jpg,0.0,0.0,1.0,ladi.s3-us-west-2.amazonaws.com/Images/FEMA_CAP/9075/614080/A0001_AP_b356d79e-a5a0-4523-babb-17c4c7e2011c.jpg
https://ladi.s3-us-west-2.amazonaws.com/Images/FEMA_CAP/9075/614080/A0001_AP_ecc845a5-b97f-4cf1-87c9-7f4234630338.jpg,0.0,1.0,0.0,ladi.s3-us-west-2.amazonaws.com/Images/FEMA_CAP/9075/614080/A0001_AP_ecc845a5-b97f-4cf1-87c9-7f4234630338.jpg
https://ladi.s3-us-west-2.amazonaws.com/Images/FEMA_CAP/9075/614081/A0001_AP_9efad047-f6d2-47bf-bba5-9f7130c7678b.jpg,0.0,0.0,1.0,ladi.s3-us-west-2.amazonaws.com/Images/FEMA_CAP/9075/614081/A0001_AP_9efad047-f6d2-47bf-bba5-9f7130c7678b.jpg
https://ladi.s3-us-west-2.amazonaws.com/Images/FEMA_CAP/9075/614082/A0019_AP_14162773-0123-46e8-9539-d46ebc4e979a.jpg,0.0,0.0,1.0,ladi.s3-us-west-2.amazonaws.com/Images/FEMA_CAP/9075/614082/A0019_AP_14162773-0123-46e8-9539-d46ebc4e979a.jpg
https://ladi.s3-us-west-2.amazonaws.com/Images/FEMA_CAP/9075/614084/A0053_AP_209023b0-f629-4586-b7d1-c019a31e062c.jpg,0.0,1.0,0.0,ladi.s3-us-west-2.amazonaws.com/Images/FEMA_CAP/9075/614084/A0053_AP_209023b0-f629-4586-b7d1-c019a31e062c.jpg
https://ladi.s3-us-west-2.amazonaws.com/Images/FEMA_CAP/9075/614085/A0053_AP_7024b57d-2754-41ff-97b1-e326e95998ba.jpg,0.0,1.0,0.0,ladi.s3-us-west-2.amazonaws.com/Images/FEMA_CAP/9075/614085/A0053_AP_7024b57d-2754-41ff-97b1-e326e95998ba.jpg
https://ladi.s3-us-west-2.amazonaws.com/Images/FEMA_CAP/9075/614085/A0053_AP_821479e0-139f-466f-b0ec-62d1493b6009.jpg,0.0,0.0,1.0,ladi.s3-us-west-2.amazonaws.com/Images/FEMA_CAP/9075/614085/A0053_AP_821479e0-139f-466f-b0ec-62d1493b6009.jpg
https://ladi.s3-us-west-2.amazonaws.com/Images/FEMA_CAP/9075/614085/A0053_AP_9bc37aba-4cf0-4db6-abec-64c2cdabcbdc.jpg,0.0,0.0,1.0,ladi.s3-us-west-2.amazonaws.com/Images/FEMA_CAP/9075/614085/A0053_AP_9bc37aba-4cf0-4db6-abec-64c2cdabcbdc.jpg
https://ladi.s3-us-west-2.amazonaws.com/Images/FEMA_CAP/9075/614088/A0074_V__dae4bd21-a595-4d4b-a3df-6c8e35819b80.jpg,0.0,1.0,0.0,ladi.s3-us-west-2.amazonaws.com/Images/FEMA_CAP/9075/614088/A0074_V__dae4bd21-a595-4d4b-a3df-6c8e35819b80.jpg
https://ladi.s3-us-west-2.amazonaws.com/Images/FEMA_CAP/9075/614089/A0074_AP_04197782-1481-469c-86e1-651a2f276bb4.jpg,0.0,0.0,1.0,ladi.s3-us-west-2.amazonaws.com/Images/FEMA_CAP/9075/614089/A0074_AP_04197782-1481-469c-86e1-651a2f276bb4.jpg
https://ladi.s3-us-west-2.amazonaws.com/Images/FEMA_CAP/9075/614089/A0074_AP_2cf95ef2-304b-40c4-81d5-babc21c97ce2.jpg,0.0,1.0,0.0,ladi.s3-us-west-2.amazonaws.com/Images/FEMA_CAP/9075/614089/A0074_AP_2cf95ef2-304b-40c4-81d5-babc21c97ce2.jpg
https://ladi.s3-us-west-2.amazonaws.com/Images/FEMA_CAP/9075/614089/A0074_AP_5fc3f59b-99de-447e-9228-e5e815229d9e.jpg,0.0,1.0,0.0,ladi.s3-us-west-2.amazonaws.com/Images/FEMA_CAP/9075/614089/A0074_AP_5fc3f59b-99de-447e-9228-e5e815229d9e.jpg
https://ladi.s3-us-west-2.amazonaws.com/Images/FEMA_CAP/9075/614089/A0074_AP_8f30f9d1-3023-4341-ad32-629d6077e6fa.jpg,0.0,0.0,1.0,ladi.s3-us-west-2.amazonaws.com/Images/FEMA_CAP/9075/614089/A0074_AP_8f30f9d1-3023-4341-ad32-629d6077e6fa.jpg
https://ladi.s3-us-west-2.amazonaws.com/Images/FEMA_CAP/9075/614089/A0074_AP_a70568b0-6c60-4be7-ae80-511ea1988ab0.jpg,0.0,0.0,1.0,ladi.s3-us-west-2.amazonaws.com/Images/FEMA_CAP/9075/614089/A0074_AP_a70568b0-6c60-4be7-ae80-511ea1988ab0.jpg
https://ladi.s3-us-west-2.amazonaws.com/Images/FEMA_CAP/9075/614089/A0074_AP_c3b28453-45c4-4b64-bd60-6225b720bd54.jpg,0.0,1.0,0.0,ladi.s3-us-west-2.amazonaws.com/Images/FEMA_CAP/9075/614089/A0074_AP_c3b28453-45c4-4b64-bd60-6225b720bd54.jpg
https://ladi.s3-us-west-2.amazonaws.com/Images/FEMA_CAP/9075/614091/A0073_AP_0b8413d3-a409-419e-ac2e-752aecc49245.jpg,0.0,1.0,0.0,ladi.s3-us-west-2.amazonaws.com/Images/FEMA_CAP/9075/614091/A0073_AP_0b8413d3-a409-419e-ac2e-752aecc49245.jpg
https://ladi.s3-us-west-2.amazonaws.com/Images/FEMA_CAP/9075/614091/A0073_AP_17877519-b4b9-43c7-95d5-c1e37ff1ed5b.jpg,0.0,1.0,0.0,ladi.s3-us-west-2.amazonaws.com/Images/FEMA_CAP/9075/614091/A0073_AP_17877519-b4b9-43c7-95d5-c1e37ff1ed5b.jpg
https://ladi.s3-us-west-2.amazonaws.com/Images/FEMA_CAP/9075/614092/A0073_AP_1b66ea94-dfdf-4dba-9e0e-af9cb5b040e4.jpg,0.0,0.0,1.0,ladi.s3-us-west-2.amazonaws.com/Images/FEMA_CAP/9075/614092/A0073_AP_1b66ea94-dfdf-4dba-9e0e-af9cb5b040e4.jpg
https://ladi.s3-us-west-2.amazonaws.com/Images/FEMA_CAP/9075/614092/A0073_AP_83971ef0-7253-402b-abae-c26baddbfd99.jpg,0.0,1.0,0.0,ladi.s3-us-west-2.amazonaws.com/Images/FEMA_CAP/9075/614092/A0073_AP_83971ef0-7253-402b-abae-c26baddbfd99.jpg
https://ladi.s3-us-west-2.amazonaws.com/Images/FEMA_CAP/9075/614092/A0073_AP_e2d9cb79-92ac-4d8a-b500-905e70a11799.jpg,0.0,0.0,1.0,ladi.s3-us-west-2.amazonaws.com/Images/FEMA_CAP/9075/614092/A0073_AP_e2d9cb79-92ac-4d8a-b500-905e70a11799.jpg
https://ladi.s3-us-west-2.amazonaws.com/Images/FEMA_CAP/9075/614094/A0076_AP_047136a2-46a2-4c0c-a0fb-0b6fecfb4f31.jpg,0.0,0.0,1.0,ladi.s3-us-west-2.amazonaws.com/Images/FEMA_CAP/9075/614094/A0076_AP_047136a2-46a2-4c0c-a0fb-0b6fecfb4f31.jpg
https://ladi.s3-us-west-2.amazonaws.com/Images/FEMA_CAP/9075/614094/A0076_AP_a1899b13-65e3-4738-99e2-dc227fd5cd77.jpg,0.0,1.0,0.0,ladi.s3-us-west-2.amazonaws.com/Images/FEMA_CAP/9075/614094/A0076_AP_a1899b13-65e3-4738-99e2-dc227fd5cd77.jpg
https://ladi.s3-us-west-2.amazonaws.com/Images/FEMA_CAP/9075/614094/A0076_AP_b5304358-35b7-4222-9c24-e7af92b047db.jpg,0.0,0.0,1.0,ladi.s3-us-west-2.amazonaws.com/Images/FEMA_CAP/9075/614094/A0076_AP_b5304358-35b7-4222-9c24-e7af92b047db.jpg
https://ladi.s3-us-west-2.amazonaws.com/Images/FEMA_CAP/9075/614098/A0015_AP_19ace2f9-0d05-45d5-9236-671e71209593.jpg,0.0,1.0,0.0,ladi.s3-us-west-2.amazonaws.com/Images/FEMA_CAP/9075/614098/A0015_AP_19ace2f9-0d05-45d5-9236-671e71209593.jpg
https://ladi.s3-us-west-2.amazonaws.com/Images/FEMA_CAP/9075/614098/A0015_AP_ecfb629f-280d-4899-9c15-dbf4f8107819.jpg,0.0,1.0,0.0,ladi.s3-us-west-2.amazonaws.com/Images/FEMA_CAP/9075/614098/A0015_AP_ecfb629f-280d-4899-9c15-dbf4f8107819.jpg
https://ladi.s3-us-west-2.amazonaws.com/Images/FEMA_CAP/9075/614098/A0015_AP_f166e029-2ebc-4ea7-a795-5d9eed4dc34f.jpg,0.0,1.0,0.0,ladi.s3-us-west-2.amazonaws.com/Images/FEMA_CAP/9075/614098/A0015_AP_f166e029-2ebc-4ea7-a795-5d9eed4dc34f.jpg
https://ladi.s3-us-west-2.amazonaws.com/Images/FEMA_CAP/9075/614100/A0015_AP_0e052e09-05b5-410a-8e9c-0975ddf99673.jpg,0.0,0.0,1.0,ladi.s3-us-west-2.amazonaws.com/Images/FEMA_CAP/9075/614100/A0015_AP_0e052e09-05b5-410a-8e9c-0975ddf99673.jpg
https://ladi.s3-us-west-2.amazonaws.com/Images/FEMA_CAP/9075/614100/A0015_AP_149dce37-059d-4ad5-9430-95ab3c443108.jpg,0.0,0.0,0.0,ladi.s3-us-west-2.amazonaws.com/Images/FEMA_CAP/9075/614100/A0015_AP_149dce37-059d-4ad5-9430-95ab3c443108.jpg
https://ladi.s3-us-west-2.amazonaws.com/Images/FEMA_CAP/9075/614100/A0015_AP_8159706b-c55b-4db8-927b-2ecc2858f387.jpg,0.0,1.0,0.0,ladi.s3-us-west-2.amazonaws.com/Images/FEMA_CAP/9075/614100/A0015_AP_8159706b-c55b-4db8-927b-2ecc2858f387.jpg
https://ladi.s3-us-west-2.amazonaws.com/Images/FEMA_CAP/9075/614100/A0015_AP_bec1b9d1-5657-4788-a7d8-16b88239444f.jpg,0.0,0.0,1.0,ladi.s3-us-west-2.amazonaws.com/Images/FEMA_CAP/9075/614100/A0015_AP_bec1b9d1-5657-4788-a7d8-16b88239444f.jpg
https://ladi.s3-us-west-2.amazonaws.com/Images/FEMA_CAP/9075/614104/A0084_AP_3aeec914-6938-4fa4-b15d-ec900c6a8ddb.jpg,0.0,0.0,1.0,ladi.s3-us-west-2.amazonaws.com/Images/FEMA_CAP/9075/614104/A0084_AP_3aeec914-6938-4fa4-b15d-ec900c6a8ddb.jpg
https://ladi.s3-us-west-2.amazonaws.com/Images/FEMA_CAP/9075/614104/A0084_AP_9715df23-1d65-4527-8394-e6ed3954e820.jpg,0.0,1.0,0.0,ladi.s3-us-west-2.amazonaws.com/Images/FEMA_CAP/9075/614104/A0084_AP_9715df23-1d65-4527-8394-e6ed3954e820.jpg
https://ladi.s3-us-west-2.amazonaws.com/Images/FEMA_CAP/9075/614105/A0084_AP_205848ce-ad66-42ca-ab35-6166ef51ce50.jpg,0.0,0.0,1.0,ladi.s3-us-west-2.amazonaws.com/Images/FEMA_CAP/9075/614105/A0084_AP_205848ce-ad66-42ca-ab35-6166ef51ce50.jpg
https://ladi.s3-us-west-2.amazonaws.com/Images/FEMA_CAP/9075/614105/A0084_AP_7bc83cc0-9190-4a7d-aec0-9455b592ca6b.jpg,0.0,1.0,0.0,ladi.s3-us-west-2.amazonaws.com/Images/FEMA_CAP/9075/614105/A0084_AP_7bc83cc0-9190-4a7d-aec0-9455b592ca6b.jpg
https://ladi.s3-us-west-2.amazonaws.com/Images/FEMA_CAP/9075/614105/A0084_AP_a94e1f19-6308-4dba-af55-12c648881bdc.jpg,0.0,0.0,1.0,ladi.s3-us-west-2.amazonaws.com/Images/FEMA_CAP/9075/614105/A0084_AP_a94e1f19-6308-4dba-af55-12c648881bdc.jpg
https://ladi.s3-us-west-2.amazonaws.com/Images/FEMA_CAP/9075/614106/A0036_AP_e0d53398-8b7c-45e1-aa8d-32a52f170cd2.jpg,0.0,1.0,0.0,ladi.s3-us-west-2.amazonaws.com/Images/FEMA_CAP/9075/614106/A0036_AP_e0d53398-8b7c-45e1-aa8d-32a52f170cd2.jpg
https://ladi.s3-us-west-2.amazonaws.com/Images/FEMA_CAP/9075/614107/A0025_AP_395fe0fe-8f33-48ba-9775-5ba098d92edd.jpg,0.0,1.0,0.0,ladi.s3-us-west-2.amazonaws.com/Images/FEMA_CAP/9075/614107/A0025_AP_395fe0fe-8f33-48ba-9775-5ba098d92edd.jpg
https://ladi.s3-us-west-2.amazonaws.com/Images/FEMA_CAP/9075/614107/A0025_AP_80b1ad3c-e7e5-4b2b-8683-e045dd9b604f.jpg,0.0,0.0,1.0,ladi.s3-us-west-2.amazonaws.com/Images/FEMA_CAP/9075/614107/A0025_AP_80b1ad3c-e7e5-4b2b-8683-e045dd9b604f.jpg
https://ladi.s3-us-west-2.amazonaws.com/Images/FEMA_CAP/9075/614107/A0025_AP_ea6079ac-772f-4e97-b513-3c4889bcc664.jpg,0.0,0.0,1.0,ladi.s3-us-west-2.amazonaws.com/Images/FEMA_CAP/9075/614107/A0025_AP_ea6079ac-772f-4e97-b513-3c4889bcc664.jpg
https://ladi.s3-us-west-2.amazonaws.com/Images/FEMA_CAP/9075/614108/A0068_AP_8cfe4dec-b808-49b1-9719-4f1ac83322c8.jpg,0.0,0.0,1.0,ladi.s3-us-west-2.amazonaws.com/Images/FEMA_CAP/9075/614108/A0068_AP_8cfe4dec-b808-49b1-9719-4f1ac83322c8.jpg
https://ladi.s3-us-west-2.amazonaws.com/Images/FEMA_CAP/9075/614109/DSC_0301_9a73fb60-3cc9-4e21-adb1-749a9a60d8c2.jpg,0.0,0.0,0.0,ladi.s3-us-west-2.amazonaws.com/Images/FEMA_CAP/9075/614109/DSC_0301_9a73fb60-3cc9-4e21-adb1-749a9a60d8c2.jpg
https://ladi.s3-us-west-2.amazonaws.com/Images/FEMA_CAP/9075/614109/DSC_0520_eaaab409-1c0f-4d94-a595-c183620c56b2.jpg,0.0,0.0,1.0,ladi.s3-us-west-2.amazonaws.com/Images/FEMA_CAP/9075/614109/DSC_0520_eaaab409-1c0f-4d94-a595-c183620c56b2.jpg
https://ladi.s3-us-west-2.amazonaws.com/Images/FEMA_CAP/9075/614109/DSC_0587_0e25c10d-5988-4fac-bd86-240530dc9cbc.jpg,0.0,0.0,1.0,ladi.s3-us-west-2.amazonaws.com/Images/FEMA_CAP/9075/614109/DSC_0587_0e25c10d-5988-4fac-bd86-240530dc9cbc.jpg
https://ladi.s3-us-west-2.amazonaws.com/Images/FEMA_CAP/9075/614110/A0068_AP_5ead1501-4181-45ab-891a-97a2612da1ca.jpg,0.0,0.0,1.0,ladi.s3-us-west-2.amazonaws.com/Images/FEMA_CAP/9075/614110/A0068_AP_5ead1501-4181-45ab-891a-97a2612da1ca.jpg
https://ladi.s3-us-west-2.amazonaws.com/Images/FEMA_CAP/9075/614110/A0068_AP_69c500e8-9f0b-4fe2-9619-07e4e215eeb0.jpg,1.0,0.0,0.0,ladi.s3-us-west-2.amazonaws.com/Images/FEMA_CAP/9075/614110/A0068_AP_69c500e8-9f0b-4fe2-9619-07e4e215eeb0.jpg
https://ladi.s3-us-west-2.amazonaws.com/Images/FEMA_CAP/9075/614110/A0068_AP_71844a3e-7cb6-4ad5-8119-9c6e096414b5.jpg,0.0,0.0,1.0,ladi.s3-us-west-2.amazonaws.com/Images/FEMA_CAP/9075/614110/A0068_AP_71844a3e-7cb6-4ad5-8119-9c6e096414b5.jpg
https://ladi.s3-us-west-2.amazonaws.com/Images/FEMA_CAP/9075/614110/A0068_AP_76651a9c-59d1-4973-a849-7a4d3cb82824.jpg,0.0,0.0,0.0,ladi.s3-us-west-2.amazonaws.com/Images/FEMA_CAP/9075/614110/A0068_AP_76651a9c-59d1-4973-a849-7a4d3cb82824.jpg
https://ladi.s3-us-west-2.amazonaws.com/Images/FEMA_CAP/9075/614111/A0068_AP_8ec60895-1d61-441b-ba0c-ce9bf1a3634f.jpg,0.0,1.0,0.0,ladi.s3-us-west-2.amazonaws.com/Images/FEMA_CAP/9075/614111/A0068_AP_8ec60895-1d61-441b-ba0c-ce9bf1a3634f.jpg
https://ladi.s3-us-west-2.amazonaws.com/Images/FEMA_CAP/9075/614113/A0116_AP_1ce25c36-9055-420f-987a-0c00cbc14183.jpg,0.0,1.0,0.0,ladi.s3-us-west-2.amazonaws.com/Images/FEMA_CAP/9075/614113/A0116_AP_1ce25c36-9055-420f-987a-0c00cbc14183.jpg
https://ladi.s3-us-west-2.amazonaws.com/Images/FEMA_CAP/9075/614113/A0116_AP_200c6854-db84-41e0-95b1-e1810be3188a.jpg,0.0,1.0,0.0,ladi.s3-us-west-2.amazonaws.com/Images/FEMA_CAP/9075/614113/A0116_AP_200c6854-db84-41e0-95b1-e1810be3188a.jpg
https://ladi.s3-us-west-2.amazonaws.com/Images/FEMA_CAP/9075/614113/A0116_AP_22e485fa-1c3a-4315-bc8c-bc5692053b74.jpg,1.0,0.0,0.0,ladi.s3-us-west-2.amazonaws.com/Images/FEMA_CAP/9075/614113/A0116_AP_22e485fa-1c3a-4315-bc8c-bc5692053b74.jpg
https://ladi.s3-us-west-2.amazonaws.com/Images/FEMA_CAP/9075/614113/A0116_AP_aca367e0-3293-4341-ba44-650f1b4ec65b.jpg,0.0,0.0,1.0,ladi.s3-us-west-2.amazonaws.com/Images/FEMA_CAP/9075/614113/A0116_AP_aca367e0-3293-4341-ba44-650f1b4ec65b.jpg
https://ladi.s3-us-west-2.amazonaws.com/Images/FEMA_CAP/9075/614113/A0116_AP_d9956997-357d-4212-99c1-92b2ee76980e.jpg,0.0,1.0,0.0,ladi.s3-us-west-2.amazonaws.com/Images/FEMA_CAP/9075/614113/A0116_AP_d9956997-357d-4212-99c1-92b2ee76980e.jpg
https://ladi.s3-us-west-2.amazonaws.com/Images/FEMA_CAP/9075/614114/A0114_AP_b609d19f-f026-4b0e-8a91-497f2acdc627.jpg,0.0,1.0,0.0,ladi.s3-us-west-2.amazonaws.com/Images/FEMA_CAP/9075/614114/A0114_AP_b609d19f-f026-4b0e-8a91-497f2acdc627.jpg
https://ladi.s3-us-west-2.amazonaws.com/Images/FEMA_CAP/9075/614125/A0030_AP_fba0724d-dc4e-49ed-a54b-9636d6eadcfe.jpg,0.0,1.0,0.0,ladi.s3-us-west-2.amazonaws.com/Images/FEMA_CAP/9075/614125/A0030_AP_fba0724d-dc4e-49ed-a54b-9636d6eadcfe.jpg
https://ladi.s3-us-west-2.amazonaws.com/Images/FEMA_CAP/9075/614127/A0030_AP_7621509e-c682-4f1c-92c1-49f8a1b48267.jpg,0.0,0.0,1.0,ladi.s3-us-west-2.amazonaws.com/Images/FEMA_CAP/9075/614127/A0030_AP_7621509e-c682-4f1c-92c1-49f8a1b48267.jpg
https://ladi.s3-us-west-2.amazonaws.com/Images/FEMA_CAP/9075/614130/A0029_AP_0ea95e3f-dc25-4063-a15a-6f0ae5921f10.jpg,0.0,1.0,0.0,ladi.s3-us-west-2.amazonaws.com/Images/FEMA_CAP/9075/614130/A0029_AP_0ea95e3f-dc25-4063-a15a-6f0ae5921f10.jpg
https://ladi.s3-us-west-2.amazonaws.com/Images/FEMA_CAP/9075/614133/A0029_AP_0005064f-e032-4c40-b554-00383435b04b.jpg,0.0,1.0,0.0,ladi.s3-us-west-2.amazonaws.com/Images/FEMA_CAP/9075/614133/A0029_AP_0005064f-e032-4c40-b554-00383435b04b.jpg
https://ladi.s3-us-west-2.amazonaws.com/Images/FEMA_CAP/9075/614133/A0029_AP_12a3cd11-8c89-490a-b2f3-c95dd3eb23f1.jpg,0.0,0.0,1.0,ladi.s3-us-west-2.amazonaws.com/Images/FEMA_CAP/9075/614133/A0029_AP_12a3cd11-8c89-490a-b2f3-c95dd3eb23f1.jpg
https://ladi.s3-us-west-2.amazonaws.com/Images/FEMA_CAP/9075/614133/A0029_AP_fb37db45-e718-447d-b9d7-5e14781bc262.jpg,0.0,0.0,1.0,ladi.s3-us-west-2.amazonaws.com/Images/FEMA_CAP/9075/614133/A0029_AP_fb37db45-e718-447d-b9d7-5e14781bc262.jpg
https://ladi.s3-us-west-2.amazonaws.com/Images/FEMA_CAP/9075/614134/A0026_AP_190b4007-23b3-441c-b405-015a019872dc.jpg,0.0,0.0,1.0,ladi.s3-us-west-2.amazonaws.com/Images/FEMA_CAP/9075/614134/A0026_AP_190b4007-23b3-441c-b405-015a019872dc.jpg
https://ladi.s3-us-west-2.amazonaws.com/Images/FEMA_CAP/9075/614134/A0026_AP_7b7e9475-9201-43be-896c-9123f010eb8e.jpg,0.0,0.0,1.0,ladi.s3-us-west-2.amazonaws.com/Images/FEMA_CAP/9075/614134/A0026_AP_7b7e9475-9201-43be-896c-9123f010eb8e.jpg
https://ladi.s3-us-west-2.amazonaws.com/Images/FEMA_CAP/9075/614134/A0026_AP_a3dfa5b4-d845-4dc5-911b-bdb7b143eb83.jpg,0.0,0.0,1.0,ladi.s3-us-west-2.amazonaws.com/Images/FEMA_CAP/9075/614134/A0026_AP_a3dfa5b4-d845-4dc5-911b-bdb7b143eb83.jpg
https://ladi.s3-us-west-2.amazonaws.com/Images/FEMA_CAP/9075/614137/A0051_AP_788b8ea9-9430-4f8a-a362-1f7edf050562.jpg,0.0,0.0,1.0,ladi.s3-us-west-2.amazonaws.com/Images/FEMA_CAP/9075/614137/A0051_AP_788b8ea9-9430-4f8a-a362-1f7edf050562.jpg
https://ladi.s3-us-west-2.amazonaws.com/Images/FEMA_CAP/9075/614137/A0051_AP_c66f30ae-0e95-45fd-9998-102fe741a85f.jpg,0.0,0.0,1.0,ladi.s3-us-west-2.amazonaws.com/Images/FEMA_CAP/9075/614137/A0051_AP_c66f30ae-0e95-45fd-9998-102fe741a85f.jpg
https://ladi.s3-us-west-2.amazonaws.com/Images/FEMA_CAP/9075/614137/A0051_AP_ec568b9f-b446-466a-bc57-f5e0a0329bc9.jpg,0.0,0.0,1.0,ladi.s3-us-west-2.amazonaws.com/Images/FEMA_CAP/9075/614137/A0051_AP_ec568b9f-b446-466a-bc57-f5e0a0329bc9.jpg
https://ladi.s3-us-west-2.amazonaws.com/Images/FEMA_CAP/9075/614140/A0069_AP_1fb2ede9-bbdc-4d35-9ea1-991d4fa74b2a.jpg,0.0,1.0,0.0,ladi.s3-us-west-2.amazonaws.com/Images/FEMA_CAP/9075/614140/A0069_AP_1fb2ede9-bbdc-4d35-9ea1-991d4fa74b2a.jpg
https://ladi.s3-us-west-2.amazonaws.com/Images/FEMA_CAP/9075/614140/A0069_AP_e641f74c-2a22-46af-935b-8301f6d03b36.jpg,0.0,1.0,0.0,ladi.s3-us-west-2.amazonaws.com/Images/FEMA_CAP/9075/614140/A0069_AP_e641f74c-2a22-46af-935b-8301f6d03b36.jpg
https://ladi.s3-us-west-2.amazonaws.com/Images/FEMA_CAP/9075/614143/A0024_AP_309f80ba-d9e5-4d0d-af4a-4f55e54d2f75.jpg,0.0,1.0,0.0,ladi.s3-us-west-2.amazonaws.com/Images/FEMA_CAP/9075/614143/A0024_AP_309f80ba-d9e5-4d0d-af4a-4f55e54d2f75.jpg
https://ladi.s3-us-west-2.amazonaws.com/Images/FEMA_CAP/9075/614143/A0024_AP_40a8a185-e19e-4921-93ac-92044eee5a99.jpg,0.0,0.0,1.0,ladi.s3-us-west-2.amazonaws.com/Images/FEMA_CAP/9075/614143/A0024_AP_40a8a185-e19e-4921-93ac-92044eee5a99.jpg
https://ladi.s3-us-west-2.amazonaws.com/Images/FEMA_CAP/9075/614143/A0024_AP_4f87b13f-599f-46d8-a216-58d1ce3958e6.jpg,0.0,0.0,1.0,ladi.s3-us-west-2.amazonaws.com/Images/FEMA_CAP/9075/614143/A0024_AP_4f87b13f-599f-46d8-a216-58d1ce3958e6.jpg
https://ladi.s3-us-west-2.amazonaws.com/Images/FEMA_CAP/9075/614146/A0050_AP_c4bdb057-ee21-47a3-a247-1d3c1abebfa9.jpg,0.0,1.0,0.0,ladi.s3-us-west-2.amazonaws.com/Images/FEMA_CAP/9075/614146/A0050_AP_c4bdb057-ee21-47a3-a247-1d3c1abebfa9.jpg
https://ladi.s3-us-west-2.amazonaws.com/Images/FEMA_CAP/9075/614146/A0050_AP_ddabdf33-bbbc-459a-bcf4-289ce92dfdd0.jpg,0.0,1.0,1.0,ladi.s3-us-west-2.amazonaws.com/Images/FEMA_CAP/9075/614146/A0050_AP_ddabdf33-bbbc-459a-bcf4-289ce92dfdd0.jpg
https://ladi.s3-us-west-2.amazonaws.com/Images/FEMA_CAP/9075/614147/A0032_AP_73917381-7c44-45cc-9a30-12b01d4a3937.jpg,0.0,0.0,1.0,ladi.s3-us-west-2.amazonaws.com/Images/FEMA_CAP/9075/614147/A0032_AP_73917381-7c44-45cc-9a30-12b01d4a3937.jpg
https://ladi.s3-us-west-2.amazonaws.com/Images/FEMA_CAP/9075/614147/A0032_AP_c35ff6d4-a9a0-46c9-aa58-3fed3539c95e.jpg,0.0,1.0,0.0,ladi.s3-us-west-2.amazonaws.com/Images/FEMA_CAP/9075/614147/A0032_AP_c35ff6d4-a9a0-46c9-aa58-3fed3539c95e.jpg
https://ladi.s3-us-west-2.amazonaws.com/Images/FEMA_CAP/9075/614172/A0083_AP_01e13808-183a-4de2-85e8-deb1dfabec0f.jpg,0.0,1.0,0.0,ladi.s3-us-west-2.amazonaws.com/Images/FEMA_CAP/9075/614172/A0083_AP_01e13808-183a-4de2-85e8-deb1dfabec0f.jpg
https://ladi.s3-us-west-2.amazonaws.com/Images/FEMA_CAP/9075/614172/A0083_AP_beed0d32-8a22-4460-9d10-8d98aee8f703.jpg,0.0,1.0,1.0,ladi.s3-us-west-2.amazonaws.com/Images/FEMA_CAP/9075/614172/A0083_AP_beed0d32-8a22-4460-9d10-8d98aee8f703.jpg
https://ladi.s3-us-west-2.amazonaws.com/Images/FEMA_CAP/9075/614172/A0083_AP_cfd4fbd5-30dd-489f-b169-1f328aacf19d.jpg,0.0,1.0,0.0,ladi.s3-us-west-2.amazonaws.com/Images/FEMA_CAP/9075/614172/A0083_AP_cfd4fbd5-30dd-489f-b169-1f328aacf19d.jpg
https://ladi.s3-us-west-2.amazonaws.com/Images/FEMA_CAP/9096/615050/DSC_3463_241b8ab2-66c0-4181-af8a-394da20aa1aa.jpg,1.0,0.0,0.0,ladi.s3-us-west-2.amazonaws.com/Images/FEMA_CAP/9096/615050/DSC_3463_241b8ab2-66c0-4181-af8a-394da20aa1aa.jpg
https://ladi.s3-us-west-2.amazonaws.com/Images/FEMA_CAP/9096/615050/DSC_3598_262c0719-a55e-4a31-9fcd-36448e30aa96.jpg,1.0,0.0,0.0,ladi.s3-us-west-2.amazonaws.com/Images/FEMA_CAP/9096/615050/DSC_3598_262c0719-a55e-4a31-9fcd-36448e30aa96.jpg
https://ladi.s3-us-west-2.amazonaws.com/Images/FEMA_CAP/9096/615050/DSC_3609_f4ae4854-5a68-4b92-8cb5-c52cd82e9374.jpg,1.0,0.0,0.0,ladi.s3-us-west-2.amazonaws.com/Images/FEMA_CAP/9096/615050/DSC_3609_f4ae4854-5a68-4b92-8cb5-c52cd82e9374.jpg
https://ladi.s3-us-west-2.amazonaws.com/Images/FEMA_CAP/9096/615072/CWY_1135_45e5c600-89b5-45b8-a5c4-897184c80b26.jpg,1.0,0.0,0.0,ladi.s3-us-west-2.amazonaws.com/Images/FEMA_CAP/9096/615072/CWY_1135_45e5c600-89b5-45b8-a5c4-897184c80b26.jpg
https://ladi.s3-us-west-2.amazonaws.com/Images/FEMA_CAP/9096/615082/965_4467_0152e78e-283c-4162-aa4c-b9be85983fd4.jpg,1.0,0.0,0.0,ladi.s3-us-west-2.amazonaws.com/Images/FEMA_CAP/9096/615082/965_4467_0152e78e-283c-4162-aa4c-b9be85983fd4.jpg
https://ladi.s3-us-west-2.amazonaws.com/Images/FEMA_CAP/9096/615094/DSC_0109_d5a40c23-79a6-4964-b29f-063113dddb78.jpg,1.0,0.0,0.0,ladi.s3-us-west-2.amazonaws.com/Images/FEMA_CAP/9096/615094/DSC_0109_d5a40c23-79a6-4964-b29f-063113dddb78.jpg
https://ladi.s3-us-west-2.amazonaws.com/Images/FEMA_CAP/9096/615101/DSC_0030_c2b0460a-1433-4e72-ab15-0bf784a5290b.jpg,0.0,1.0,0.0,ladi.s3-us-west-2.amazonaws.com/Images/FEMA_CAP/9096/615101/DSC_0030_c2b0460a-1433-4e72-ab15-0bf784a5290b.jpg
https://ladi.s3-us-west-2.amazonaws.com/Images/FEMA_CAP/9096/615110/DSC_0161_3b69953c-643e-48fa-9174-45adbf5a880c.jpg,1.0,0.0,0.0,ladi.s3-us-west-2.amazonaws.com/Images/FEMA_CAP/9096/615110/DSC_0161_3b69953c-643e-48fa-9174-45adbf5a880c.jpg
https://ladi.s3-us-west-2.amazonaws.com/Images/FEMA_CAP/9096/615119/FLR_2180_761cbb9e-ab39-441d-a91f-7d3f536faec6.jpg,1.0,0.0,0.0,ladi.s3-us-west-2.amazonaws.com/Images/FEMA_CAP/9096/615119/FLR_2180_761cbb9e-ab39-441d-a91f-7d3f536faec6.jpg
https://ladi.s3-us-west-2.amazonaws.com/Images/FEMA_CAP/9096/615119/FLR_2229_911e166c-f245-46fe-aa52-52d52a32d0ea.jpg,1.0,0.0,0.0,ladi.s3-us-west-2.amazonaws.com/Images/FEMA_CAP/9096/615119/FLR_2229_911e166c-f245-46fe-aa52-52d52a32d0ea.jpg
https://ladi.s3-us-west-2.amazonaws.com/Images/FEMA_CAP/9096/615125/MarkBail_5c6fdb11-07ed-473e-a173-489cad957cb5.jpg,1.0,0.0,0.0,ladi.s3-us-west-2.amazonaws.com/Images/FEMA_CAP/9096/615125/MarkBail_5c6fdb11-07ed-473e-a173-489cad957cb5.jpg
https://ladi.s3-us-west-2.amazonaws.com/Images/FEMA_CAP/9096/615125/MarkBail_7d97cb65-abd7-4bcb-aa8f-e564b0a951f8.jpg,1.0,0.0,0.0,ladi.s3-us-west-2.amazonaws.com/Images/FEMA_CAP/9096/615125/MarkBail_7d97cb65-abd7-4bcb-aa8f-e564b0a951f8.jpg
https://ladi.s3-us-west-2.amazonaws.com/Images/FEMA_CAP/9096/615125/MarkBail_94f99631-5c85-4e76-a0eb-5928c272686c.jpg,0.0,0.0,0.0,ladi.s3-us-west-2.amazonaws.com/Images/FEMA_CAP/9096/615125/MarkBail_94f99631-5c85-4e76-a0eb-5928c272686c.jpg
https://ladi.s3-us-west-2.amazonaws.com/Images/FEMA_CAP/9096/615126/SteveBla_5aff1596-f896-4fa7-896d-b08829047fbf.jpg,0.0,0.0,0.0,ladi.s3-us-west-2.amazonaws.com/Images/FEMA_CAP/9096/615126/SteveBla_5aff1596-f896-4fa7-896d-b08829047fbf.jpg
https://ladi.s3-us-west-2.amazonaws.com/Images/FEMA_CAP/9096/615126/SteveBla_b44e7a3e-d97e-4d03-88aa-113b34a138d0.jpg,0.0,0.0,0.0,ladi.s3-us-west-2.amazonaws.com/Images/FEMA_CAP/9096/615126/SteveBla_b44e7a3e-d97e-4d03-88aa-113b34a138d0.jpg
https://ladi.s3-us-west-2.amazonaws.com/Images/FEMA_CAP/9096/615129/BrettGro_446a6039-6d53-41ad-9979-a908c693107b.jpg,0.0,0.0,0.0,ladi.s3-us-west-2.amazonaws.com/Images/FEMA_CAP/9096/615129/BrettGro_446a6039-6d53-41ad-9979-a908c693107b.jpg
https://ladi.s3-us-west-2.amazonaws.com/Images/FEMA_CAP/9096/615129/BrettGro_48db0db6-2446-4c54-823d-89dd753d308a.jpg,0.0,0.0,0.0,ladi.s3-us-west-2.amazonaws.com/Images/FEMA_CAP/9096/615129/BrettGro_48db0db6-2446-4c54-823d-89dd753d308a.jpg
https://ladi.s3-us-west-2.amazonaws.com/Images/FEMA_CAP/9096/615130/DonBarre_fea9ac22-2156-4895-b1bb-e1f3a83bb6a0.jpg,1.0,0.0,0.0,ladi.s3-us-west-2.amazonaws.com/Images/FEMA_CAP/9096/615130/DonBarre_fea9ac22-2156-4895-b1bb-e1f3a83bb6a0.jpg
https://ladi.s3-us-west-2.amazonaws.com/Images/FEMA_CAP/9099/615152/19-1-352_1ce69a0e-806a-468d-ac36-805b60a74b7d.jpg,0.0,1.0,0.0,ladi.s3-us-west-2.amazonaws.com/Images/FEMA_CAP/9099/615152/19-1-352_1ce69a0e-806a-468d-ac36-805b60a74b7d.jpg
https://ladi.s3-us-west-2.amazonaws.com/Images/FEMA_CAP/9099/615152/19-1-352_30124d91-cccf-4d20-b7aa-d462fd33762c.jpg,0.0,0.0,1.0,ladi.s3-us-west-2.amazonaws.com/Images/FEMA_CAP/9099/615152/19-1-352_30124d91-cccf-4d20-b7aa-d462fd33762c.jpg
https://ladi.s3-us-west-2.amazonaws.com/Images/FEMA_CAP/9099/615165/DSC_4349_71c2c8e2-02c7-49fa-8360-5a29681a6a66.jpg,0.0,1.0,0.0,ladi.s3-us-west-2.amazonaws.com/Images/FEMA_CAP/9099/615165/DSC_4349_71c2c8e2-02c7-49fa-8360-5a29681a6a66.jpg
https://ladi.s3-us-west-2.amazonaws.com/Images/FEMA_CAP/9099/615185/DSC_4222_a9fa1552-85c5-4545-9385-b47f711d42fc.jpg,0.0,1.0,0.0,ladi.s3-us-west-2.amazonaws.com/Images/FEMA_CAP/9099/615185/DSC_4222_a9fa1552-85c5-4545-9385-b47f711d42fc.jpg
https://ladi.s3-us-west-2.amazonaws.com/Images/FEMA_CAP/9099/615185/DSC_4271_eccb7fa5-fcab-4831-b054-89c6492fc265.jpg,0.0,1.0,0.0,ladi.s3-us-west-2.amazonaws.com/Images/FEMA_CAP/9099/615185/DSC_4271_eccb7fa5-fcab-4831-b054-89c6492fc265.jpg
https://ladi.s3-us-west-2.amazonaws.com/Images/FEMA_CAP/9099/615192/-031_9834a71a-20b5-4ecd-9b7c-9df27bf422be.jpg,0.0,0.0,1.0,ladi.s3-us-west-2.amazonaws.com/Images/FEMA_CAP/9099/615192/-031_9834a71a-20b5-4ecd-9b7c-9df27bf422be.jpg
https://ladi.s3-us-west-2.amazonaws.com/Images/FEMA_CAP/9099/615196/DSC_0044_b1e5f34e-1078-4eef-8cf5-6c7547cda1f1.jpg,0.0,0.0,1.0,ladi.s3-us-west-2.amazonaws.com/Images/FEMA_CAP/9099/615196/DSC_0044_b1e5f34e-1078-4eef-8cf5-6c7547cda1f1.jpg
https://ladi.s3-us-west-2.amazonaws.com/Images/FEMA_CAP/9099/615198/AAD_0595_86704645-da20-44be-96b6-5ad39fad6ced.jpg,0.0,0.0,0.0,ladi.s3-us-west-2.amazonaws.com/Images/FEMA_CAP/9099/615198/AAD_0595_86704645-da20-44be-96b6-5ad39fad6ced.jpg
https://ladi.s3-us-west-2.amazonaws.com/Images/FEMA_CAP/9099/615216/DSC_0340_8a867306-11d5-45ec-ab39-686318d37d6d.jpg,0.0,1.0,0.0,ladi.s3-us-west-2.amazonaws.com/Images/FEMA_CAP/9099/615216/DSC_0340_8a867306-11d5-45ec-ab39-686318d37d6d.jpg
https://ladi.s3-us-west-2.amazonaws.com/Images/FEMA_CAP/9099/615229/DSC_4997_5f2cda4a-a481-45be-8e34-7e00391a60cd.jpg,0.0,1.0,0.0,ladi.s3-us-west-2.amazonaws.com/Images/FEMA_CAP/9099/615229/DSC_4997_5f2cda4a-a481-45be-8e34-7e00391a60cd.jpg
https://ladi.s3-us-west-2.amazonaws.com/Images/FEMA_CAP/9099/615236/DSC_5703_7ae5d7fc-4129-442b-ac3f-0e92f643aea1.jpg,0.0,1.0,0.0,ladi.s3-us-west-2.amazonaws.com/Images/FEMA_CAP/9099/615236/DSC_5703_7ae5d7fc-4129-442b-ac3f-0e92f643aea1.jpg
https://ladi.s3-us-west-2.amazonaws.com/Images/FEMA_CAP/9107/616210/DSC_0605_3bc8f783-0a98-4937-9a1d-0683157bf7aa.jpg,0.0,0.0,0.0,ladi.s3-us-west-2.amazonaws.com/Images/FEMA_CAP/9107/616210/DSC_0605_3bc8f783-0a98-4937-9a1d-0683157bf7aa.jpg
https://ladi.s3-us-west-2.amazonaws.com/Images/FEMA_CAP/9107/616212/DSC_8434_0a00aaa2-c852-4ad5-9c80-21ec2ec18375.jpg,0.0,0.0,0.0,ladi.s3-us-west-2.amazonaws.com/Images/FEMA_CAP/9107/616212/DSC_8434_0a00aaa2-c852-4ad5-9c80-21ec2ec18375.jpg
https://ladi.s3-us-west-2.amazonaws.com/Images/FEMA_CAP/9107/616213/DSC_0171_581355d1-1a23-4d4d-be16-f653e15ce249.jpg,1.0,0.0,0.0,ladi.s3-us-west-2.amazonaws.com/Images/FEMA_CAP/9107/616213/DSC_0171_581355d1-1a23-4d4d-be16-f653e15ce249.jpg
https://ladi.s3-us-west-2.amazonaws.com/Images/FEMA_CAP/9113/615622/DSC_0472_cd72d5c5-3c42-4c3c-8fe0-d25222155f02.jpg,1.0,0.0,0.0,ladi.s3-us-west-2.amazonaws.com/Images/FEMA_CAP/9113/615622/DSC_0472_cd72d5c5-3c42-4c3c-8fe0-d25222155f02.jpg
https://ladi.s3-us-west-2.amazonaws.com/Images/FEMA_CAP/9157/616220/DSC_7783_2e13e2d6-a09c-4106-9301-8f72d349deb3.jpg,0.0,0.0,0.0,ladi.s3-us-west-2.amazonaws.com/Images/FEMA_CAP/9157/616220/DSC_7783_2e13e2d6-a09c-4106-9301-8f72d349deb3.jpg
https://ladi.s3-us-west-2.amazonaws.com/Images/FEMA_CAP/9157/616220/DSC_7980_a72ca46c-fd46-48e4-84d1-f4bd1a07c34c.jpg,0.0,0.0,0.0,ladi.s3-us-west-2.amazonaws.com/Images/FEMA_CAP/9157/616220/DSC_7980_a72ca46c-fd46-48e4-84d1-f4bd1a07c34c.jpg
https://ladi.s3-us-west-2.amazonaws.com/Images/FEMA_CAP/9161/616221/FEMA_REG_f18629c3-2837-4e84-9cfa-6b3575fd9b90.jpg,0.0,0.0,0.0,ladi.s3-us-west-2.amazonaws.com/Images/FEMA_CAP/9161/616221/FEMA_REG_f18629c3-2837-4e84-9cfa-6b3575fd9b90.jpg
